100)  1111111101010010 65362.0000  0.9947 | ( 85,100)   10    15   Y   4  1111011101000010 63298.0000  0.9329
_____________________________________________________________________________________________________________
Generation # 40 Accumulated Statistics: 
Total Crossovers = 1646, Total Mutations = 4100
min = 0.216300   max = 1.000000   avg = 0.876289   sum = 87.628900
Best individual in this generation = 1111111111111111
Global Best Individual so far, Generation # 25:
String = 1111111111111111    Fitness = 1.000000

_____________________________________________________________________________________________________________
                                      P O P U L A T I O N          R E P O R T  
 Generation #  41                             Generation #  42
 num      string           x       fitness    parents    x1   x2  mut place     string        x       fitness
_____________________________________________________________________________________________________________
  1)  1111101000010010 64018.0000  0.9542 | (  2,  3)   14    15   Y   0  0111111101011011 32603.0000  0.2475
  2)  1111111101011011 65371.0000  0.9950 | (  2,  3)   14    15   Y  11  1111010110000110 62854.0000  0.9199
  3)  1111010110010110 62870.0000  0.9203 | (  5,  8)    9    15   Y   3  1110011110010000 59280.0000  0.8182
  4)  1101111100101000 57128.0000  0.7599 | (  5,  8)    9    15   Y   7  1111111111011011 65499.0000  0.9989
  5)  1111011111011010 63450.0000  0.9374 | ( 10, 11)    9    11   Y   0  0111111100111111 32575.0000  0.2471
  6)  1111111111110100 65524.0000  0.9997 | ( 10, 11)    9    11   Y   9  1111101100111011 64315.0000  0.9631
  7)  1111111010001011 65163.0000  0.9887 | ( 14, 16)    6     8   Y   1  1011110100001011 48395.0000  0.5453
  8)  1111111010010001 65169.0000  0.9889 | ( 14, 16)    6     8   Y  10  1111111111110011 65523.0000  0.9996
  9)  1111111100000100 65284.0000  0.9924 | ( 17, 19)    4     5   Y  12  1111000111011001 61913.0000  0.8925
 10)  1111111101111111 65407.0000  0.9961 | ( 17, 19)    4     5   Y  15  1111011101011100 63324.0000  0.9337
 11)  1111101100111011 64315.0000  0.9631 | ( 21, 94)    4    12   Y  14  1111110111011111 64991.0000  0.9835
 12)  1111100011000101 63685.0000  0.9443 | ( 21, 94)    4    12   Y   2  1101111111101010 57322.0000  0.7651
 13)  1101111101011001 57177.0000  0.7612 | ( 25, 27)    0     6   Y  14  1111111011011100 65244.0000  0.9911
 14)  1111111100001011 65291.0000  0.9926 | ( 25, 27)    0     6   Y   9  1111011101001110 63310.0000  0.9333
 15)  1011101001101110 47726.0000  0.5304 | ( 53, 31)    4    12   Y   0  0111111000011100 32284.0000  0.2427
 16)  1111110111010011 64979.0000  0.9831 | ( 53, 31)    4    12   Y   6  1111110010001110 64654.0000  0.9733
 17)  1111000111010001 61905.0000  0.8923 | ( 90, 42)   11    15   Y   6  1111110101110010 64882.0000  0.9802
 18)  1011011111111010 47098.0000  0.5165 | ( 90, 42)   11    15   Y   2  1101111100000111 57095.0000  0.7590
 19)  1111011101011101 63325.0000  0.9337 | ( 38, 39)   12    13   Y  12  1110111101001111 61263.0000  0.8739
 20)  1111111100001101 65293.0000  0.9926 | ( 38, 39)   12    13   Y   8  1111111001100000 65120.0000  0.9874
 21)  1111111111101101 65517.0000  0.9995 | ( 41, 89)   12    15   Y   3  1110111111011100 61404.0000  0.8779
 22)  1101110100011010 56602.0000  0.7460 | ( 41, 89)   12    15   Y   8  1111111111001010 65482.0000  0.9984
 23)  1111101010010000 64144.0000  0.9580 | ( 46, 56)    8    10   Y   9  1111110110110011 64947.0000  0.9821
 24)  1111011000010100 62996.0000  0.9240 | ( 46, 56)    8    10   Y  15  1111111001110100 65140.0000  0.9880
 25)  1111011011011110 63198.0000  0.9300 | ( 75, 26)    2     7   Y  12  1111111111110011 65523.0000  0.9996
 26)  1111111111101111 65519.0000  0.9995 | ( 75, 26)    2     7   Y   9  1111110110101111 64943.0000  0.9820
 27)  1111111100001110 65294.0000  0.9927 | ( 43, 91)    5    12   Y  15  1111110111111111 65023.0000  0.9844
 28)  1111011110000000 63360.0000  0.9347 | ( 43, 91)    5    12   Y   3  1110001001110010 57970.0000  0.7825
 29)  1111111011100011 65251.0000  0.9914 | ( 57, 62)    0    10   Y   1  1011111111111111 49151.0000  0.5625
 30)  1111111111101100 65516.0000  0.9994 | ( 57, 62)    0    10   Y   0  0111111010111111 32447.0000  0.2451
 31)  1111111000011110 65054.0000  0.9854 | ( 60, 64)    6    15   Y   8  1111111100001011 65291.0000  0.9926
 32)  1110111100011100 61212.0000  0.8724 | ( 60, 64)    6    15   Y   0  0111111111001010 32714.0000  0.2492
 33)  1111111101010001 65361.0000  0.9947 | ( 79, 54)   14    15   Y  11  1111010100000110 62726.0000  0.9161
 34)  1110111111110010 61426.0000  0.8785 | ( 79, 54)   14    15   Y  12  1111111100000001 65281.0000  0.9923
 35)  1101110101100000 56672.0000  0.7478 | ( 59, 71)    3     5   Y   9  1111111100101001 65321.0000  0.9935
 36)  1111111000101011 65067.0000  0.9858 | ( 59, 71)    3     5   Y   8  1111011011001101 63181.0000  0.9295
 37)  1111111110110010 65458.0000  0.9977 | ( 69, 37)    0     0   Y  11  0111011111111000 30712.0000  0.2196
 38)  1110111101000111 61255.0000  0.8736 | ( 69, 37)    0     0   Y   6  1111110110110010 64946.0000  0.9821
 39)  1111111011100000 65248.0000  0.9913 | ( 77, 49)    9    10   Y  10  1111111111010010 65490.0000  0.9986
 40)  1111010100001001 62729.0000  0.9162 | ( 77, 49)    9    10   Y   9  1111111100011010 65306.0000  0.9930
 41)  1111111111011010 65498.0000  0.9989 | ( 92, 84)    4    14   Y   7  1111110011111110 64766.0000  0.9767
 42)  1111111100010011 65299.0000  0.9928 | ( 92, 84)    4    14   Y  10  1111110001111100 64636.0000  0.9728
 43)  1111101001111110 64126.0000  0.9575 | ( 61, 80)   12    15   Y   9  1111111110010000 65424.0000  0.9966
 44)  1111011001001011 63051.0000  0.9256 | ( 61, 80)   12    15   Y  14  1101111011111000 57080.0000  0.7586
 45)  1101110011111111 56575.0000  0.7453 | ( 29, 85)    1     8   Y   7  1111111111100011 65507.0000  0.9991
 46)  1111110101110011 64883.0000  0.9802 | ( 29, 85)    1     8   Y  14  1111111011010110 65238.0000  0.9910
 47)  0111110100001110 32014.0000  0.2386 | ( 52, 20)    8     9   Y   3  1110111000010111 60951.0000  0.8650
 48)  1011111100010001 48913.0000  0.5571 | ( 52, 20)    8     9   Y  13  1111111100001001 65289.0000  0.9925
 49)  1111111101011010 65370.0000  0.9950 | ( 99,  6)    3    11   Y  10  1111111111010010 65490.0000  0.9986
 50)  1110111101000111 61255.0000  0.8736 | ( 99,  6)    3    11   Y   3  1110011111010100 59348.0000  0.8201
 51)  1101101000011010 55834.0000  0.7259 | (  2,  3)    6     9   Y  13  1111110111011111 64991.0000  0.9835
 52)  1111111000010111 65047.0000  0.9852 | (  2,  3)    6     9   Y   6  1111010100010110 62742.0000  0.9166
 53)  1111111010001100 65164.0000  0.9887 | (  6,  8)   10    15   Y   1  1011111111010000 49104.0000  0.5614
 54)  1111111100001011 65291.0000  0.9926 | (  6,  8)   10    15   Y   4  1111011010110101 63157.0000  0.9287
 55)  1111011111110000 63472.0000  0.9380 | ( 10, 11)    0     0   Y  13  1111111101111011 65403.0000  0.9960
 56)  1111111011110101 65269.0000  0.9919 | ( 10, 11)    0     0   Y  11  1111101100101011 64299.0000  0.9626
 57)  1111111010111111 65215.0000  0.9903 | ( 14, 65)    6     9   Y   1  1011111100001011 48907.0000  0.5569
 58)  1101111010000101 56965.0000  0.7556 | ( 14, 65)    6     9   Y   3  1110101100001010 60170.0000  0.8430
 59)  1111011101101001 63337.0000  0.9340 | ( 17, 20)    1    11   Y   6  1111110100010001 64785.0000  0.9772
 60)  1111111111001011 65483.0000  0.9984 | ( 17, 20)    1    11   Y   6  1111001111001101 62413.0000  0.9070
 61)  1111111111011010 65498.0000  0.9989 | ( 21, 23)    0     0   Y  12  1111111111100101 65509.0000  0.9992
 62)  1111111111111111 65535.0000  1.0000 | ( 21, 23)    0     0   Y   0  0111101010010000 31376.0000  0.2292
 63)  1110111101101101 61293.0000  0.8747 | ( 26, 27)    0     0   Y  13  1111111111101011 65515.0000  0.9994
 64)  1111111110001010 65418.0000  0.9964 | ( 26, 27)    0     0   Y   2  1101111100001110 57102.0000  0.7592
 65)  1111101100001010 64266.0000  0.9616 | ( 30, 83)   12    14   Y   6  1111110111100000 64992.0000  0.9835
 66)  1111110011110011 64755.0000  0.9763 | ( 30, 83)   12    14   Y  15  1111111001001110 65102.0000  0.9868
 67)  1111110101000001 64833.0000  0.9787 | ( 46, 36)    6    14   Y   1  1011111000101011 48683.0000  0.5518
 68)  1001111111000100 40900.0000  0.3895 | ( 46, 36)    6    14   Y   5  1111100101110011 63859.0000  0.9495
 69)  0111011111101000 30696.0000  0.2194 | ( 37, 42)    4    14   Y   5  1111101100010010 64274.0000  0.9619
 70)  1011011111000100 47044.0000  0.5153 | ( 37, 42)    4    14   Y  11  1111111110100011 65443.0000  0.9972
 71)  1111111001001101 65101.0000  0.9868 | ( 41, 43)    2    15   Y  11  1111101001101110 64110.0000  0.9570
 72)  1111011100011110 63262.0000  0.9318 | ( 41, 43)    2    15   Y   6  1111110111011010 64986.0000  0.9833
 73)  1110101010001010 60042.0000  0.8394 | ( 33, 57)    3    13   Y   9  1111111011111001 65273.0000  0.9920
 74)  1111101101001000 64328.0000  0.9635 | ( 33, 57)    3    13   Y   0  0111111101010111 32599.0000  0.2474
 75)  1111110111111011 65019.0000  0.9843 | (  5, 92)    1     9   Y   2  1101110001011010 56410.0000  0.7409
 76)  1111010100001110 62734.0000  0.9163 | (  5, 92)    1     9   Y   1  1011011111011110 47070.0000  0.5159
 77)  1111111111110010 65522.0000  0.9996 | ( 60, 71)    0     0   Y   8  1111111101001011 65355.0000  0.9945
 78)  0111111100101101 32557.0000  0.2468 | ( 60, 71)    0     0   Y  11  1111111001011101 65117.0000  0.9873
 79)  1111010100010100 62740.0000  0.9165 | ( 75, 67)    0     0   Y   4  1111010111111011 62971.0000  0.9233
 80)  1101111011110000 57072.0000  0.7584 | ( 75, 67)    0     0   Y   6  1111111101000001 65345.0000  0.9942
 81)  1111111010001110 65166.0000  0.9888 | ( 56, 91)    9    15   Y  13  1111111011110111 65271.0000  0.9920
 82)  1110111011011110 61150.0000  0.8707 | ( 56, 91)    9    15   Y   6  1111011111110100 63476.0000  0.9382
 83)  1111111001000011 65091.0000  0.9865 | ( 77, 79)    0     0   Y   1  1011111111110010 49138.0000  0.5622
 84)  1111110111111100 65020.0000  0.9843 | ( 77, 79)    0     0   Y  15  1111010100010101 62741.0000  0.9166
 85)  1111111011010100 65236.0000  0.9909 | ( 70, 89)    8    15   Y  15  1011011101001101 46925.0000  0.5127
 86)  1101111111011110 57310.0000  0.7647 | ( 70, 89)    8    15   Y   6  1111110111000100 64964.0000  0.9827
 87)  1111001101001111 62287.0000  0.9033 | ( 94, 28)   11    13   Y   2  1101110111000010 56770.0000  0.7504
 88)  0111011100010010 30482.0000  0.2163 | ( 94, 28)   11    13   Y  10  1111011110111000 63416.0000  0.9364
 89)  1111111101001100 65356.0000  0.9945 | ( 84, 90)    1    13   Y  10  1111111101000100 65348.0000  0.9943
 90)  1111111101100110 65382.0000  0.9953 | ( 84, 90)    1    13   Y   1  1011110111111110 48638.0000  0.5508
 91)  1111010111110010 62962.0000  0.9230 | ( 64, 81)    5     6   Y   5  1111101110001010 64394.0000  0.9655
 92)  1111110001011110 64606.0000  0.9718 | ( 64, 81)    5     6   Y   8  1111111000001110 65038.0000  0.9849
 93)  1111000011010001 61649.0000  0.8849 | ( 85, 53)    3     9   Y   5  1111101011010100 64212.0000  0.9600
 94)  1111110111011010 64986.0000  0.9833 | ( 85, 53)    3     9   Y   6  1111110010001100 64652.0000  0.9732
 95)  1111110101111010 64890.0000  0.9804 | ( 49, 61)    0     0   Y   5  1111101101011010 64346.0000  0.9640
 96)  1010101101110101 43893.0000  0.4486 | ( 49, 61)    0     0   Y   5  1111101111011010 64474.0000  0.9679
 97)  1110101101000110 60230.0000  0.8447 | ( 97, 62)    8     9   Y  15  1110101111000111 60359.0000  0.8483
 98)  0111111100010111 32535.0000  0.2465 | ( 97, 62)    8     9   Y   2  1101111101111111 57215.0000  0.7622
 99)  1111011111010010 63442.0000  0.9371 | ( 96, 66)    0     0   Y  11  1010101101100101 43877.0000  0.4483
100)  1111011101000010 63298.0000  0.9329 | ( 96, 66)    0     0   Y   9  1111110010110011 64691.0000  0.9744
_____________________________________________________________________________________________________________
Generation # 41 Accumulated Statistics: 
Total Crossovers = 1687, Total Mutations = 4200
min = 0.219600   max = 0.999600   avg = 0.844667   sum = 84.466700
Best individual in this generation = 1111111111110011
Global Best Individual so far, Generation # 25:
String = 1111111111111111    Fitness = 1.000000

_____________________________________________________________________________________________________________
                                      P O P U L A T I O N          R E P O R T  
 Generation #  42                             Generation #  43
 num      string           x       fitness    parents    x1   x2  mut place     string        x       fitness
_____________________________________________________________________________________________________________
  1)  0111111101011011 32603.0000  0.2475 | (  2,  4)    5    15   Y   8  1111011101011010 63322.0000  0.9336
  2)  1111010110000110 62854.0000  0.9199 | (  2,  4)    5    15   Y   0  0111110110000111 32135.0000  0.2404
  3)  1110011110010000 59280.0000  0.8182 | (  6, 89)    3     7   Y  12  1111111100110011 65331.0000  0.9938
  4)  1111111111011011 65499.0000  0.9989 | (  6, 89)    3     7   Y   1  1011101101000100 47940.0000  0.5351
  5)  0111111100111111 32575.0000  0.2471 | ( 10, 11)   14    15   Y  11  1111011101001110 63310.0000  0.9333
  6)  1111101100111011 64315.0000  0.9631 | ( 10, 11)   14    15   Y   4  1111010111011101 62941.0000  0.9224
  7)  1011110100001011 48395.0000  0.5453 | ( 13, 16)    2     7   Y   3  1110110011011100 60636.0000  0.8561
  8)  1111111111110011 65523.0000  0.9996 | ( 13, 16)    2     7   Y  14  1111111010001100 65164.0000  0.9887
  9)  1111000111011001 61913.0000  0.8925 | ( 77, 63)    0     0   Y  12  1111111101000011 65347.0000  0.9943
 10)  1111011101011100 63324.0000  0.9337 | ( 77, 63)    0     0   Y   9  1111111110101011 65451.0000  0.9974
 11)  1111110111011111 64991.0000  0.9835 | ( 22, 24)    6     8   Y   5  1111101011001010 64202.0000  0.9597
 12)  1101111111101010 57322.0000  0.7651 | ( 22, 24)    6     8   Y  10  1111111101010100 65364.0000  0.9948
 13)  1111111011011100 65244.0000  0.9911 | ( 45, 27)    1     3   Y   2  1101111111100011 57315.0000  0.7649
 14)  1111011101001110 63310.0000  0.9333 | ( 45, 27)    1     3   Y   7  1111110011111111 64767.0000  0.9767
 15)  0111111000011100 32284.0000  0.2427 | ( 86,  9)    0     0   Y   1  1011110111000100 48580.0000  0.5495
 16)  1111110010001110 64654.0000  0.9733 | ( 86,  9)    0     0   Y   5  1111010111011001 62937.0000  0.9223
 17)  1111110101110010 64882.0000  0.9802 | ( 34, 80)    7    13   Y   8  1111111111000001 65473.0000  0.9981
 18)  1101111100000111 57095.0000  0.7590 | ( 34, 80)    7    13   Y   9  1111111101000001 65345.0000  0.9942
 19)  1110111101001111 61263.0000  0.8739 | ( 51, 39)    6     9   Y   2  1101111111011111 57311.0000  0.7648
 20)  1111111001100000 65120.0000  0.9874 | ( 51, 39)    6     9   Y  14  1111110111010000 64976.0000  0.9830
 21)  1110111111011100 61404.0000  0.8779 | ( 42, 96)   13    14   Y  10  1111110001011000 64600.0000  0.9717
 22)  1111111111001010 65482.0000  0.9984 | ( 42, 96)   13    14   Y  15  1111101111011111 64479.0000  0.9680
 23)  1111110110110011 64947.0000  0.9821 | ( 17, 55)    0     0   Y   2  1101110101110010 56690.0000  0.7483
 24)  1111111001110100 65140.0000  0.9880 | ( 17, 55)    0     0   Y   2  1101111101111011 57211.0000  0.7621
 25)  1111111111110011 65523.0000  0.9996 | ( 49,  8)    1     9   Y   9  1111111110010010 65426.0000  0.9967
 26)  1111110110101111 64943.0000  0.9820 | ( 49,  8)    1     9   Y   2  1101111111110011 57331.0000  0.7653
 27)  1111110111111111 65023.0000  0.9844 | ( 43, 66)   11    14   Y  15  1111111110001101 65421.0000  0.9965
 28)  1110001001110010 57970.0000  0.7825 | ( 43, 66)   11    14   Y   6  1111110001010010 64594.0000  0.9715
 29)  1011111111111111 49151.0000  0.5625 | ( 75, 79)    0     1   Y  13  1101110001011110 56414.0000  0.7410
 30)  0111111010111111 32447.0000  0.2451 | ( 75, 79)    0     1   Y  15  1111010111111010 62970.0000  0.9233
 31)  1111111100001011 65291.0000  0.9926 | ( 60, 41)    0     0   Y  11  1111001111011101 62429.0000  0.9075
 32)  0111111111001010 32714.0000  0.2492 | ( 60, 41)    0     0   Y   9  1111110010111110 64702.0000  0.9747
 33)  1111010100000110 62726.0000  0.9161 | ( 72,100)    0     0   Y   5  1111100111011010 63962.0000  0.9526
 34)  1111111100000001 65281.0000  0.9923 | ( 72,100)    0     0   Y   7  1111110110110011 64947.0000  0.9821
 35)  1111111100101001 65321.0000  0.9935 | ( 84, 61)   12    13   Y  11  1111010100000101 62725.0000  0.9161
 36)  1111011011001101 63181.0000  0.9295 | ( 84, 61)   12    13   Y   5  1111101111100101 64485.0000  0.9682
 37)  0111011111111000 30712.0000  0.2196 | ( 19, 46)   12    14   Y   0  0110111101000111 28487.0000  0.1889
 38)  1111110110110010 64946.0000  0.9821 | ( 19, 46)   12    14   Y  15  1111111011011111 65247.0000  0.9912
 39)  1111111111010010 65490.0000  0.9986 | ( 91, 70)    0     0   Y  11  1111101110011010 64410.0000  0.9660
 40)  1111111100011010 65306.0000  0.9930 | ( 91, 70)    0     0   Y   6  1111110110100011 64931.0000  0.9817
 41)  1111110011111110 64766.0000  0.9767 | ( 73, 20)    0     0   Y   3  1110111011111001 61177.0000  0.8714
 42)  1111110001111100 64636.0000  0.9728 | ( 73, 20)    0     0   Y  14  1111111001100010 65122.0000  0.9874
 43)  1111111110010000 65424.0000  0.9966 | ( 93, 69)   11    15   Y   4  1111001011010010 62162.0000  0.8997
 44)  1101111011111000 57080.0000  0.7586 | ( 93, 69)   11    15   Y   8  1111101110010100 64404.0000  0.9658
 45)  1111111111100011 65507.0000  0.9991 | ( 71, 78)   13    14   Y   0  0111101001101110 31342.0000  0.2287
 46)  1111111011010110 65238.0000  0.9910 | ( 71, 78)   13    14   Y  12  1111111001010101 65109.0000  0.9870
 47)  1110111000010111 60951.0000  0.8650 | ( 92, 68)   11    13   Y  15  1111111000010111 65047.0000  0.9852
 48)  1111111100001001 65289.0000  0.9925 | ( 92, 68)   11    13   Y  13  1111100101101111 63855.0000  0.9494
 49)  1111111111010010 65490.0000  0.9986 | ( 35, 31)    2     5   Y   1  1011111100101001 48937.0000  0.5576
 50)  1110011111010100 59348.0000  0.8201 | ( 35, 31)    2     5   Y   0  0111111100001011 32523.0000  0.2463
 51)  1111110111011111 64991.0000  0.9835 | (  2,  4)    0     0   Y  12  1111010110001110 62862.0000  0.9201
 52)  1111010100010110 62742.0000  0.9166 | (  2,  4)    0     0   Y  15  1111111111011010 65498.0000  0.9989
 53)  1011111111010000 49104.0000  0.5614 | (  6,  8)    0     0   Y   3  1110101100111011 60219.0000  0.8443
 54)  1111011010110101 63157.0000  0.9287 | (  6,  8)    0     0   Y   7  1111111011110011 65267.0000  0.9918
 55)  1111111101111011 65403.0000  0.9960 | ( 10, 31)    0     0   Y   6  1111010101011100 62812.0000  0.9186
 56)  1111101100101011 64299.0000  0.9626 | ( 10, 31)    0     0   Y   3  1110111100001011 61195.0000  0.8719
 57)  1011111100001011 48907.0000  0.5569 | ( 89, 27)    1     7   Y   8  1111110111000100 64964.0000  0.9827
 58)  1110101100001010 60170.0000  0.8430 | ( 89, 27)    1     7   Y   3  1110111111111111 61439.0000  0.8789
 59)  1111110100010001 64785.0000  0.9772 | ( 17, 19)    3     5   Y   0  0110110101110010 28018.0000  0.1828
 60)  1111001111001101 62413.0000  0.9070 | ( 17, 19)    3     5   Y   6  1111110101001111 64847.0000  0.9791
 61)  1111111111100101 65509.0000  0.9992 | ( 22, 24)    5    15   Y   7  1111111101110100 65396.0000  0.9958
 62)  0111101010010000 31376.0000  0.2292 | ( 22, 24)    5    15   Y   3  1110111111001010 61386.0000  0.8774
 63)  1111111111101011 65515.0000  0.9994 | ( 25, 56)   12    15   Y   3  1110111111111011 61435.0000  0.8788
 64)  1101111100001110 57102.0000  0.7592 | ( 25, 56)   12    15   Y  15  1111101100100010 64290.0000  0.9624
 65)  1111110111100000 64992.0000  0.9835 | ( 29, 11)   11    12   Y  13  1011111111111011 49147.0000  0.5624
 66)  1111111001001110 65102.0000  0.9868 | ( 29, 11)   11    12   Y  15  1111110111011110 64990.0000  0.9834
 67)  1011111000101011 48683.0000  0.5518 | ( 34, 36)    1    12   Y  15  1111011011000000 63168.0000  0.9291
 68)  1111100101110011 63859.0000  0.9495 | ( 34, 36)    1    12   Y   4  1111011100001101 63245.0000  0.9313
 69)  1111101100010010 64274.0000  0.9619 | ( 32, 39)    3    14   Y   0  1111111111010010 65490.0000  0.9986
 70)  1111111110100011 65443.0000  0.9972 | ( 32, 39)    3    14   Y   4  1111011111001010 63434.0000  0.9369
 71)  1111101001101110 64110.0000  0.9570 | ( 92, 43)   11    13   Y   5  1111101000010110 64022.0000  0.9544
 72)  1111110111011010 64986.0000  0.9833 | ( 92, 43)   11    13   Y   1  1011111110001000 49032.0000  0.5598
 73)  1111111011111001 65273.0000  0.9920 | ( 70, 48)   14    15   Y  14  1111111110100011 65443.0000  0.9972
 74)  0111111101010111 32599.0000  0.2474 | ( 70, 48)   14    15   Y   1  1011111100001011 48907.0000  0.5569
 75)  1101110001011010 56410.0000  0.7409 | ( 61, 51)    1     5   Y   5  1111101111100101 64485.0000  0.9682
 76)  1011011111011110 47070.0000  0.5159 | ( 61, 51)    1     5   Y  12  1111110111010111 64983.0000  0.9832
 77)  1111111101001011 65355.0000  0.9945 | ( 40, 49)   12    15   Y  10  1111111100110010 65330.0000  0.9938
 78)  1111111001011101 65117.0000  0.9873 | ( 40, 49)   12    15   Y   5  1111101111011010 64474.0000  0.9679
 79)  1111010111111011 62971.0000  0.9233 | ( 66, 96)    0     0   Y   2  1101111001001110 56910.0000  0.7541
 80)  1111111101000001 65345.0000  0.9942 | ( 66, 96)    0     0   Y   9  1111101110011010 64410.0000  0.9660
 81)  1111111011110111 65271.0000  0.9920 | ( 63, 38)    3    11   Y   3  1110110110101011 60843.0000  0.8619
 82)  1111011111110100 63476.0000  0.9382 | ( 63, 38)    3    11   Y   1  1011111111110010 49138.0000  0.5622
 83)  1011111111110010 49138.0000  0.5622 | ( 82, 20)    3     9   Y  14  1111111001110110 65142.0000  0.9880
 84)  1111010100010101 62741.0000  0.9166 | ( 82, 20)    3     9   Y   6  1111010111100000 62944.0000  0.9225
 85)  1011011101001101 46925.0000  0.5127 | ( 93, 86)    0     0   Y  13  1111101011010000 64208.0000  0.9599
 86)  1111110111000100 64964.0000  0.9827 | ( 93, 86)    0     0   Y   1  1011110111000100 48580.0000  0.5495
 87)  1101110111000010 56770.0000  0.7504 | ( 95, 26)    0     0   Y   3  1110101101011010 60250.0000  0.8452
 88)  1111011110111000 63416.0000  0.9364 | ( 95, 26)    0     0   Y   5  1111100110101111 63919.0000  0.9513
 89)  1111111101000100 65348.0000  0.9943 | ( 77, 80)    6    11   Y  13  1111111101001111 65359.0000  0.9946
 90)  1011110111111110 48638.0000  0.5508 | ( 77, 80)    6    11   Y  13  1111111101000101 65349.0000  0.9943
 91)  1111101110001010 64394.0000  0.9655 | ( 69, 81)   10    14   Y  11  1111101100100110 64294.0000  0.9625
 92)  1111111000001110 65038.0000  0.9849 | ( 69, 81)   10    14   Y   5  1111101011010011 64211.0000  0.9600
 93)  1111101011010100 64212.0000  0.9600 | ( 64, 59)    3    15   Y   4  1101010100010000 54544.0000  0.6927
 94)  1111110010001100 64652.0000  0.9732 | ( 64, 59)    3    15   Y   3  1110111100001111 61199.0000  0.8721
 95)  1111101101011010 64346.0000  0.9640 | ( 91, 76)   12    14   Y   8  1111101100001110 64270.0000  0.9618
 96)  1111101111011010 64474.0000  0.9679 | ( 91, 76)   12    14   Y   1  1111011111011010 63450.0000  0.9374
 97)  1110101111000111 60359.0000  0.8483 | ( 47, 73)   13    15   Y   1  1010111000010001 44561.0000  0.4623
 98)  1101111101111111 57215.0000  0.7622 | ( 47, 73)   13    15   Y   0  0111111011111111 32511.0000  0.2461
 99)  1010101101100101 43877.0000  0.4483 | ( 45, 35)   14    15   Y   2  1101111111100001 57313.0000  0.7648
100)  1111110010110011 64691.0000  0.9744 | ( 45, 35)   14    15   Y  13  1111111100101111 65327.0000  0.9937
_____________________________________________________________________________________________________________
Generation # 42 Accumulated Statistics: 
Total Crossovers = 1724, Total Mutations = 4300
min = 0.182800   max = 0.998900   avg = 0.854645   sum = 85.464500
Best individual in this generation = 1111111111011010
Global Best Individual so far, Generation # 25:
String = 1111111111111111    Fitness = 1.000000

_____________________________________________________________________________________________________________
                                      P O P U L A T I O N          R E P O R T  
 Generation #  43                             Generation #  44
 num      string           x       fitness    parents    x1   x2  mut place     string        x       fitness
_____________________________________________________________________________________________________________
  1)  1111011101011010 63322.0000  0.9336 | (  1,  3)   14    15   Y   1  1011011101011010 46938.0000  0.5130
  2)  0111110110000111 32135.0000  0.2404 | (  1,  3)   14    15   Y   0  0111111100110011 32563.0000  0.2469
  3)  1111111100110011 65331.0000  0.9938 | ( 91,  8)    0     0   Y   7  1111101000100110 64038.0000  0.9548
  4)  1011101101000100 47940.0000  0.5351 | ( 91,  8)    0     0   Y   8  1111111000001100 65036.0000  0.9848
  5)  1111011101001110 63310.0000  0.9333 | (  9, 12)    5    13   Y   3  1110111101010011 61267.0000  0.8740
  6)  1111010111011101 62941.0000  0.9224 | (  9, 12)    5    13   Y  11  1111111101010100 65364.0000  0.9948
  7)  1110110011011100 60636.0000  0.8561 | ( 14, 16)    0     0   Y   2  1101110011111111 56575.0000  0.7453
  8)  1111111010001100 65164.0000  0.9887 | ( 14, 16)    0     0   Y   3  1110010111011001 58841.0000  0.8061
  9)  1111111101000011 65347.0000  0.9943 | ( 17, 55)   11    14   Y   6  1111110111011101 64989.0000  0.9834
 10)  1111111110101011 65451.0000  0.9974 | ( 17, 55)   11    14   Y  15  1111010101000001 62785.0000  0.9178
 11)  1111101011001010 64202.0000  0.9597 | ( 83, 89)   10    11   Y   2  1101111001010110 56918.0000  0.7543
 12)  1111111101010100 65364.0000  0.9948 | ( 83, 89)   10    11   Y  10  1111111101001111 65359.0000  0.9946
 13)  1101111111100011 57315.0000  0.7649 | ( 25, 27)   13    14   Y   7  1111111010010110 65174.0000  0.9890
 14)  1111110011111111 64767.0000  0.9767 | ( 25, 27)   13    14   Y  11  1111111110011001 65433.0000  0.9969
 15)  1011110111000100 48580.0000  0.5495 | ( 30, 32)    5    15   Y  11  1111010010101110 62638.0000  0.9135
 16)  1111010111011001 62937.0000  0.9223 | ( 30, 32)    5    15   Y  15  1111110111111011 65019.0000  0.9843
 17)  1111111111000001 65473.0000  0.9981 | ( 34,100)    2     6   Y  11  1111110110100011 64931.0000  0.9817
 18)  1111111101000001 65345.0000  0.9942 | ( 34,100)    2     6   Y   8  1111111110101111 65455.0000  0.9976
 19)  1101111111011111 57311.0000  0.7648 | ( 41, 40)    3    11   Y   4  1111010110111001 62905.0000  0.9213
 20)  1111110111010000 64976.0000  0.9830 | ( 41, 40)    3    11   Y   8  1110111001100011 61027.0000  0.8672
 21)  1111110001011000 64600.0000  0.9717 | ( 18, 44)   12    14   Y   9  1111111100000101 65285.0000  0.9924
 22)  1111101111011111 64479.0000  0.9680 | ( 18, 44)   12    14   Y   8  1111101100010000 64272.0000  0.9618
 23)  1101110101110010 56690.0000  0.7483 | ( 52, 47)    0     6   Y   8  1111111101011010 65370.0000  0.9950
 24)  1101111101111011 57211.0000  0.7621 | ( 52, 47)    0     6   Y   8  1111111010010111 65175.0000  0.9890
 25)  1111111110010010 65426.0000  0.9967 | ( 48, 10)   12    13   Y   9  1111100100101111 63791.0000  0.9475
 26)  1101111111110011 57331.0000  0.7653 | ( 48, 10)   12    13   Y   0  0111111110101011 32683.0000  0.2487
 27)  1111111110001101 65421.0000  0.9965 | (  6, 39)    3    15   Y   2  1101101110011011 56219.0000  0.7359
 28)  1111110001010010 64594.0000  0.9715 | (  6, 39)    3    15   Y   8  1111010101011100 62812.0000  0.9186
 29)  1101110001011110 56414.0000  0.7410 | ( 88, 61)    9    15   Y  11  1111100111100101 63973.0000  0.9529
 30)  1111010111111010 62970.0000  0.9233 | ( 88, 61)    9    15   Y   8  1111111110101110 65454.0000  0.9975
 31)  1111001111011101 62429.0000  0.9075 | ( 28, 56)   13    15   Y  11  1111110001000010 64578.0000  0.9710
 32)  1111110010111110 64702.0000  0.9747 | ( 28, 56)   13    15   Y   8  1110111110001011 61323.0000  0.8756
 33)  1111100111011010 63962.0000  0.9526 | ( 92, 54)    0     0   Y  10  1111101011110011 64243.0000  0.9610
 34)  1111110110110011 64947.0000  0.9821 | ( 92, 54)    0     0   Y   8  1111111001110011 65139.0000  0.9880
 35)  1111010100000101 62725.0000  0.9161 | ( 42, 64)    3    13   Y  12  1111101100101010 64298.0000  0.9626
 36)  1111101111100101 64485.0000  0.9682 | ( 42, 64)    3    13   Y   1  1011111001100010 48738.0000  0.5531
 37)  0110111101000111 28487.0000  0.1889 | ( 69, 53)    0     4   Y   0  0110111111010010 28626.0000  0.1908
 38)  1111111011011111 65247.0000  0.9912 | ( 69, 53)    0     4   Y   5  1111111100111011 65339.0000  0.9940
 39)  1111101110011010 64410.0000  0.9660 | ( 57, 77)    0     0   Y  15  1111110111000101 64965.0000  0.9827
 40)  1111110110100011 64931.0000  0.9817 | ( 57, 77)    0     0   Y   6  1111110100110010 64818.0000  0.9782
 41)  1110111011111001 61177.0000  0.8714 | ( 60, 76)    1    14   Y   4  1111010111010111 62935.0000  0.9222
 42)  1111111001100010 65122.0000  0.9874 | ( 60, 76)    1    14   Y   6  1111111101001111 65359.0000  0.9946
 43)  1111001011010010 62162.0000  0.8997 | ( 90, 20)   11    14   Y   8  1111111111010001 65489.0000  0.9986
 44)  1111101110010100 64404.0000  0.9658 | ( 90, 20)   11    14   Y   6  1111111111000100 65476.0000  0.9982
 45)  0111101001101110 31342.0000  0.2287 | ( 35, 78)    8    10   Y  15  1111010111000100 62916.0000  0.9217
 46)  1111111001010101 65109.0000  0.9870 | ( 35, 78)    8    10   Y   7  1111101000011010 64026.0000  0.9545
 47)  1111111000010111 65047.0000  0.9852 | ( 46, 73)   13    15   Y   4  1111011001010011 63059.0000  0.9259
 48)  1111100101101111 63855.0000  0.9494 | ( 46, 73)   13    15   Y   0  0111111110100101 32677.0000  0.2486
 49)  1011111100101001 48937.0000  0.5576 | ( 96, 22)    4    15   Y   6  1111100111011110 63966.0000  0.9527
 50)  0111111100001011 32523.0000  0.2463 | ( 96, 22)    4    15   Y  10  1111011111111011 63483.0000  0.9384
 51)  1111010110001110 62862.0000  0.9201 | (  1,  3)    0     0   Y   0  0111011101011010 30554.0000  0.2174
 52)  1111111111011010 65498.0000  0.9989 | (  1,  3)    0     0   Y   1  1011111100110011 48947.0000  0.5578
 53)  1110101100111011 60219.0000  0.8443 | (  5,  8)    4    10   Y   9  1111111011001110 65230.0000  0.9907
 54)  1111111011110011 65267.0000  0.9918 | (  5,  8)    4    10   Y   9  1111011100001100 63244.0000  0.9313
 55)  1111010101011100 62812.0000  0.9186 | ( 10, 11)    7    11   Y   7  1111111111001011 65483.0000  0.9984
 56)  1110111100001011 61195.0000  0.8719 | ( 10, 11)    7    11   Y   1  1011101110101010 48042.0000  0.5374
 57)  1111110111000100 64964.0000  0.9827 | ( 14, 16)    4     9   Y   7  1111010011111111 62719.0000  0.9159
 58)  1110111111111111 61439.0000  0.8789 | ( 14, 16)    4     9   Y  11  1111110011001001 64713.0000  0.9751
 59)  0110110101110010 28018.0000  0.1828 | ( 17, 20)    3     5   Y  11  1111111111010001 65489.0000  0.9986
 60)  1111110101001111 64847.0000  0.9791 | ( 17, 20)    3     5   Y  11  1111110111000000 64960.0000  0.9825
 61)  1111111101110100 65396.0000  0.9958 | ( 94, 12)   13    14   Y   8  1110111110001111 61327.0000  0.8757
 62)  1110111111001010 61386.0000  0.8774 | ( 94, 12)   13    14   Y  11  1111111101000100 65348.0000  0.9943
 63)  1110111111111011 61435.0000  0.8788 | ( 25, 28)    0     0   Y   3  1110111110010010 61330.0000  0.8758
 64)  1111101100100010 64290.0000  0.9624 | ( 25, 28)    0     0   Y   4  1111010001010010 62546.0000  0.9109
 65)  1011111111111011 49147.0000  0.5624 | ( 58, 32)    6     8   Y   4  1110010011111111 58623.0000  0.8002
 66)  1111110111011110 64990.0000  0.9834 | ( 58, 32)    6     8   Y   6  1111110110111110 64958.0000  0.9825
 67)  1111011011000000 63168.0000  0.9291 | ( 60, 47)    7    15   Y   1  1011110000010111 48151.0000  0.5398
 68)  1111011100001101 63245.0000  0.9313 | ( 60, 47)    7    15   Y  14  1111111101001101 65357.0000  0.9946
 69)  1111111111010010 65490.0000  0.9986 | ( 38, 40)    1     2   Y  14  1111111011011101 65245.0000  0.9912
 70)  1111011111001010 63434.0000  0.9369 | ( 38, 40)    1     2   Y   9  1111110111100011 64995.0000  0.9836
 71)  1111101000010110 64022.0000  0.9544 | (100, 91)    8    13   Y  14  1111111100100101 65317.0000  0.9934
 72)  1011111110001000 49032.0000  0.5598 | (100, 91)    8    13   Y  12  1111101100100110 64294.0000  0.9625
 73)  1111111110100011 65443.0000  0.9972 | ( 63, 77)   11    15   Y  14  1110111111110001 61425.0000  0.8785
 74)  1011111100001011 48907.0000  0.5569 | ( 63, 77)   11    15   Y   7  1111111000111010 65082.0000  0.9862
 75)  1111101111100101 64485.0000  0.9682 | ( 44, 51)    0    15   Y  12  1111010110000110 62854.0000  0.9199
 76)  1111110111010111 64983.0000  0.9832 | ( 44, 51)    0    15   Y  12  1111101110011100 64412.0000  0.9660
 77)  1111111100110010 65330.0000  0.9938 | ( 76, 55)    6    12   Y   3  1110110101010111 60759.0000  0.8596
 78)  1111101111011010 64474.0000  0.9679 | ( 76, 55)    6    12   Y  12  1111010111010100 62932.0000  0.9221
 79)  1101111001001110 56910.0000  0.7541 | ( 18, 46)    0     0   Y  11  1111111101010001 65361.0000  0.9947
 80)  1111101110011010 64410.0000  0.9660 | ( 18, 46)    0     0   Y   1  1011111001010101 48725.0000  0.5528
 81)  1110110110101011 60843.0000  0.8619 | ( 78, 92)    5    14   Y   1  1011101011010010 47826.0000  0.5326
 82)  1011111111110010 49138.0000  0.5622 | ( 78, 92)    5    14   Y   7  1111101011011011 64219.0000  0.9602
 83)  1111111001110110 65142.0000  0.9880 | ( 62, 68)    4    15   Y   1  1010011100001100 42764.0000  0.4258
 84)  1111010111100000 62944.0000  0.9225 | ( 62, 68)    4    15   Y   5  1111101111001011 64459.0000  0.9674
 85)  1111101011010000 64208.0000  0.9599 | ( 36, 27)    5     8   Y   1  1011111111100101 49125.0000  0.5619
 86)  1011110111000100 48580.0000  0.5495 | ( 36, 27)    5     8   Y   5  1111111110001101 65421.0000  0.9965
 87)  1110101101011010 60250.0000  0.8452 | ( 42, 89)    4    13   Y   4  1111011101001010 63306.0000  0.9331
 88)  1111100110101111 63919.0000  0.9513 | ( 42, 89)    4    13   Y  15  1111111001100110 65126.0000  0.9876
 89)  1111111101001111 65359.0000  0.9946 | ( 52, 64)    2     6   Y   2  1101101111011010 56282.0000  0.7376
 90)  1111111101000101 65349.0000  0.9943 | ( 52, 64)    2     6   Y  15  1111111100100011 65315.0000  0.9933
 91)  1111101100100110 64294.0000  0.9625 | ( 41, 24)    0     0   Y   9  1110111010111001 61113.0000  0.8696
 92)  1111101011010011 64211.0000  0.9600 | ( 41, 24)    0     0   Y   2  1111111101111011 65403.0000  0.9960
 93)  1101010100010000 54544.0000  0.6927 | ( 80, 61)    6     7   Y  13  1111101110011110 64414.0000  0.9661
 94)  1110111100001111 61199.0000  0.8721 | ( 80, 61)    6     7   Y  15  1111111101110101 65397.0000  0.9958
 95)  1111101100001110 64270.0000  0.9618 | ( 83, 54)    0     0   Y   2  1101111001110110 56950.0000  0.7552
 96)  1111011111011010 63450.0000  0.9374 | ( 83, 54)    0     0   Y   5  1111101011110011 64243.0000  0.9610
 97)  1010111000010001 44561.0000  0.4623 | ( 21, 70)   10    11   Y   7  1111110101011000 64856.0000  0.9794
 98)  0111111011111111 32511.0000  0.2461 | ( 21, 70)   10    11   Y  15  1111011111001011 63435.0000  0.9369
 99)  1101111111100001 57313.0000  0.7648 | ( 73, 69)    2    15   Y  13  1111111111010111 65495.0000  0.9988
100)  1111111100101111 65327.0000  0.9937 | ( 73, 69)    2    15   Y   3  1110111110100010 61346.0000  0.8762
_____________________________________________________________________________________________________________
Generation # 43 Accumulated Statistics: 
Total Crossovers = 1765, Total Mutations = 4400
min = 0.190800   max = 0.998800   avg = 0.869934   sum = 86.993400
Best individual in this generation = 1111111111010111
Global Best Individual so far, Generation # 25:
String = 1111111111111111    Fitness = 1.000000

_____________________________________________________________________________________________________________
                                      P O P U L A T I O N          R E P O R T  
 Generation #  44                             Generation #  45
 num      string           x       fitness    parents    x1   x2  mut place     string        x       fitness
_____________________________________________________________________________________________________________
  1)  1011011101011010 46938.0000  0.5130 | (  1,  4)    0     6   Y   2  1101111101011010 57178.0000  0.7612
  2)  0111111100110011 32563.0000  0.2469 | (  1,  4)    0     6   Y   5  1011001000001100 45580.0000  0.4837
  3)  1111101000100110 64038.0000  0.9548 | (  6,  8)    1    15   Y  10  1110010111111000 58872.0000  0.8070
  4)  1111111000001100 65036.0000  0.9848 | (  6,  8)    1    15   Y   6  1111110101010101 64853.0000  0.9793
  5)  1110111101010011 61267.0000  0.8740 | (  9, 12)    9    15   Y   2  1101110111001111 56783.0000  0.7507
  6)  1111111101010100 65364.0000  0.9948 | (  9, 12)    9    15   Y   7  1111111001011101 65117.0000  0.9873
  7)  1101110011111111 56575.0000  0.7453 | ( 14, 16)    0    14   Y  14  1111110111111011 65019.0000  0.9843
  8)  1110010111011001 58841.0000  0.8061 | ( 14, 16)    0    14   Y   5  1111101110011011 64411.0000  0.9660
  9)  1111110111011101 64989.0000  0.9834 | ( 18, 55)    9    12   Y   9  1111111110001111 65423.0000  0.9966
 10)  1111010101000001 62785.0000  0.9178 | ( 18, 55)    9    12   Y  10  1111111110001011 65419.0000  0.9965
 11)  1101111001010110 56918.0000  0.7543 | ( 21, 23)   11    13   Y   6  1111110100011101 64797.0000  0.9776
 12)  1111111101001111 65359.0000  0.9946 | ( 21, 23)   11    13   Y  11  1111111101010010 65362.0000  0.9947
 13)  1111111010010110 65174.0000  0.9890 | ( 49, 28)    5     8   Y   3  1110110111011110 60894.0000  0.8634
 14)  1111111110011001 65433.0000  0.9969 | ( 49, 28)    5     8   Y   5  1111010101011100 62812.0000  0.9186
 15)  1111010010101110 62638.0000  0.9135 | ( 17, 35)    0     0   Y   5  1111100110100011 63907.0000  0.9509
 16)  1111110111111011 65019.0000  0.9843 | ( 17, 35)    0     0   Y   9  1111101101101010 64362.0000  0.9645
 17)  1111110110100011 64931.0000  0.9817 | ( 33, 93)   10    14   Y   4  1111001011011111 62175.0000  0.9001
 18)  1111111110101111 65455.0000  0.9976 | ( 33, 93)   10    14   Y  12  1111101110111010 64442.0000  0.9669
 19)  1111010110111001 62905.0000  0.9213 | ( 78, 19)    6    13   Y   2  1101010110111100 54716.0000  0.6971
 20)  1110111001100011 61027.0000  0.8672 | ( 78, 19)    6    13   Y   9  1111010110010001 62865.0000  0.9202
 21)  1111111100000101 65285.0000  0.9924 | ( 42, 44)    0     0   Y  12  1111111101000111 65351.0000  0.9944
 22)  1111101100010000 64272.0000  0.9618 | ( 42, 44)    0     0   Y  13  1111111111000000 65472.0000  0.9981
 23)  1111111101011010 65370.0000  0.9950 | ( 46, 94)    0     0   Y  15  1111101000011011 64027.0000  0.9545
 24)  1111111010010111 65175.0000  0.9890 | ( 46, 94)    0     0   Y   7  1111111001110101 65141.0000  0.9880
 25)  1111100100101111 63791.0000  0.9475 | ( 59, 86)    7    15   Y   2  1101111110001101 57229.0000  0.7626
 26)  0111111110101011 32683.0000  0.2487 | ( 59, 86)    7    15   Y  12  1111111111011001 65497.0000  0.9988
 27)  1101101110011011 56219.0000  0.7359 | ( 53, 69)    0     0   Y   1  1011111011001110 48846.0000  0.5555
 28)  1111010101011100 62812.0000  0.9186 | ( 53, 69)    0     0   Y  12  1111111011010101 65237.0000  0.9909
 29)  1111100111100101 63973.0000  0.9529 | ( 57, 99)    6    15   Y  14  1111011111010101 63445.0000  0.9372
 30)  1111111110101110 65454.0000  0.9975 | ( 57, 99)    6    15   Y  11  1111110011101111 64751.0000  0.9762
 31)  1111110001000010 64578.0000  0.9710 | ( 62, 30)    6     9   Y  14  1111111111000110 65478.0000  0.9983
 32)  1110111110001011 61323.0000  0.8756 | ( 62, 30)    6     9   Y   1  1011111100101110 48942.0000  0.5577
 33)  1111101011110011 64243.0000  0.9610 | ( 66, 52)    0     0   Y   9  1111110111111110 65022.0000  0.9844
 34)  1111111001110011 65139.0000  0.9880 | ( 66, 52)    0     0   Y   6  1011110100110011 48435.0000  0.5462
 35)  1111101100101010 64298.0000  0.9626 | ( 40, 71)   13    14   Y  15  1111110100110111 64823.0000  0.9784
 36)  1011111001100010 48738.0000  0.5531 | ( 40, 71)   13    14   Y   2  1101111100100001 57121.0000  0.7597
 37)  0110111111010010 28626.0000  0.1908 | ( 34, 38)    9    10   Y   6  1111110000110011 64563.0000  0.9706
 38)  1111111100111011 65339.0000  0.9940 | ( 34, 38)    9    10   Y   5  1111101101111011 64379.0000  0.9650
 39)  1111110111000101 64965.0000  0.9827 | ( 89, 82)    0     0   Y   4  1101001111011010 54234.0000  0.6849
 40)  1111110100110010 64818.0000  0.9782 | ( 89, 82)    0     0   Y   0  0111101011011011 31451.0000  0.2303
 41)  1111010111010111 62935.0000  0.9222 | ( 68, 61)    0     0   Y  10  1111111101101101 65389.0000  0.9955
 42)  1111111101001111 65359.0000  0.9946 | ( 68, 61)    0     0   Y  12  1110111110000111 61319.0000  0.8755
 43)  1111111111010001 65489.0000  0.9986 | ( 43, 90)    0     0   Y   5  1111101111010001 64465.0000  0.9676
 44)  1111111111000100 65476.0000  0.9982 | ( 43, 90)    0     0   Y   2  1101111100100011 57123.0000  0.7598
 45)  1111010111000100 62916.0000  0.9217 | ( 24, 92)    0     0   Y   9  1111111011010111 65239.0000  0.9910
 46)  1111101000011010 64026.0000  0.9545 | ( 24, 92)    0     0   Y   7  1111111001111011 65147.0000  0.9882
 47)  1111011001010011 63059.0000  0.9259 | ( 15, 97)    0     1   Y   1  1011010010101110 46254.0000  0.4981
 48)  0111111110100101 32677.0000  0.2486 | ( 15, 97)    0     1   Y   0  0111110101011000 32088.0000  0.2397
 49)  1111100111011110 63966.0000  0.9527 | ( 87, 63)    7    12   Y   5  1111001110011010 62362.0000  0.9055
 50)  1111011111111011 63483.0000  0.9384 | ( 87, 63)    7    12   Y  11  1110111101010010 61266.0000  0.8740
 51)  0111011101011010 30554.0000  0.2174 | (  1,  4)    8    15   Y   3  1010011100001100 42764.0000  0.4258
 52)  1011111100110011 48947.0000  0.5578 | (  1,  4)    8    15   Y  12  1111111001010010 65106.0000  0.9870
 53)  1111111011001110 65230.0000  0.9907 | (  6,  8)    0     0   Y   3  1110111101010100 61268.0000  0.8740
 54)  1111011100001100 63244.0000  0.9313 | (  6,  8)    0     0   Y   4  1110110111011001 60889.0000  0.8632
 55)  1111111111001011 65483.0000  0.9984 | (  9, 12)   12    13   Y   0  0111110111011101 32221.0000  0.2417
 56)  1011101110101010 48042.0000  0.5374 | (  9, 12)   12    13   Y  12  1111111101000111 65351.0000  0.9944
 57)  1111010011111111 62719.0000  0.9159 | ( 14, 16)    5    11   Y   8  1111110101111001 64889.0000  0.9804
 58)  1111110011001001 64713.0000  0.9751 | ( 14, 16)    5    11   Y   6  1111110110011011 64923.0000  0.9814
 59)  1111111111010001 65489.0000  0.9986 | ( 18, 59)    9    11   Y   3  1110111111001111 61391.0000  0.8775
 60)  1111110111000000 64960.0000  0.9825 | ( 18, 59)    9    11   Y   2  1101111110110001 57265.0000  0.7635
 61)  1110111110001111 61327.0000  0.8757 | ( 21,100)    0     0   Y  11  1111111100010101 65301.0000  0.9929
 62)  1111111101000100 65348.0000  0.9943 | ( 21,100)    0     0   Y  11  1110111110110010 61362.0000  0.8767
 63)  1110111110010010 61330.0000  0.8758 | ( 25, 23)   10    11   Y  14  1111100100001101 63757.0000  0.9465
 64)  1111010001010010 62546.0000  0.9109 | ( 25, 23)   10    11   Y   0  0111111101111010 32634.0000  0.2480
 65)  1110010011111111 58623.0000  0.8002 | ( 30, 72)    0     0   Y   2  1101111110101110 57262.0000  0.7635
 66)  1111110110111110 64958.0000  0.9825 | ( 30, 72)    0     0   Y  11  1111101100110110 64310.0000  0.9630
 67)  1011110000010111 48151.0000  0.5398 | ( 34, 35)   13    15   Y   7  1111111101110011 65395.0000  0.9957
 68)  1111111101001101 65357.0000  0.9946 | ( 34, 35)   13    15   Y  14  1111101100101000 64296.0000  0.9625
 69)  1111111011011101 65245.0000  0.9912 | ( 38, 68)    5     8   Y   5  1111101100111011 64315.0000  0.9631
 70)  1111110111100011 64995.0000  0.9836 | ( 38, 68)    5     8   Y  13  1111111101001001 65353.0000  0.9945
 71)  1111111100100101 65317.0000  0.9934 | ( 42, 90)    0     0   Y   8  1111111111001111 65487.0000  0.9985
 72)  1111101100100110 64294.0000  0.9625 | ( 42, 90)    0     0   Y  14  1111111100100001 65313.0000  0.9932
 73)  1110111111110001 61425.0000  0.8785 | ( 44, 24)    6    13   Y   7  1111111110010100 65428.0000  0.9967
 74)  1111111000111010 65082.0000  0.9862 | ( 44, 24)    6    13   Y   1  1011111111000111 49095.0000  0.5612
 75)  1111010110000110 62854.0000  0.9199 | ( 71, 94)   14    15   Y   8  1111111110100101 65445.0000  0.9973
 76)  1111101110011100 64412.0000  0.9660 | ( 71, 94)   14    15   Y  11  1111111101100101 65381.0000  0.9953
 77)  1110110101010111 60759.0000  0.8596 | ( 53, 28)    0     0   Y  14  1111111011001100 65228.0000  0.9907
 78)  1111010111010100 62932.0000  0.9221 | ( 53, 28)    0     0   Y   5  1111000101011100 61788.0000  0.8889
 79)  1111111101010001 65361.0000  0.9947 | ( 77, 50)    5    13   Y  12  1110111111110111 61431.0000  0.8787
 80)  1011111001010101 48725.0000  0.5528 | ( 77, 50)    5    13   Y  12  1111010101011011 62811.0000  0.9186
 81)  1011101011010010 47826.0000  0.5326 | ( 79, 99)    2    15   Y   8  1111111101010111 65367.0000  0.9949
 82)  1111101011011011 64219.0000  0.9602 | ( 79, 99)    2    15   Y   1  1011111101010001 48977.0000  0.5585
 83)  1010011100001100 42764.0000  0.4258 | ( 43, 20)    0     0   Y   2  1101111111010001 57297.0000  0.7644
 84)  1111101111001011 64459.0000  0.9674 | ( 43, 20)    0     0   Y   6  1110110001100011 60515.0000  0.8527
 85)  1011111111100101 49125.0000  0.5619 | ( 78, 22)   11    13   Y   9  1111010110010100 62868.0000  0.9203
 86)  1111111110001101 65421.0000  0.9965 | ( 78, 22)   11    13   Y   0  0111101100010000 31504.0000  0.2311
 87)  1111011101001010 63306.0000  0.9331 | ( 93, 82)   12    14   Y   0  0111101110011010 31642.0000  0.2331
 88)  1111111001100110 65126.0000  0.9876 | ( 93, 82)   12    14   Y  14  1111101011011101 64221.0000  0.9603
 89)  1101101111011010 56282.0000  0.7376 | ( 62, 76)    3    11   Y   8  1111101100000100 64260.0000  0.9615
 90)  1111111100100011 65315.0000  0.9933 | ( 62, 76)    3    11   Y  14  1111111101011110 65374.0000  0.9951
 91)  1110111010111001 61113.0000  0.8696 | ( 74, 58)   14    15   Y   1  1011111000111000 48696.0000  0.5521
 92)  1111111101111011 65403.0000  0.9960 | ( 74, 58)   14    15   Y   7  1111110111001011 64971.0000  0.9829
 93)  1111101110011110 64414.0000  0.9661 | ( 66, 84)   10    12   Y   8  1111110100001110 64782.0000  0.9772
 94)  1111111101110101 65397.0000  0.9958 | ( 66, 84)   10    12   Y  14  1111101111111001 64505.0000  0.9688
 95)  1101111001110110 56950.0000  0.7552 | ( 69, 81)    5     8   Y   9  1111101010011101 64157.0000  0.9584
 96)  1111101011110011 64243.0000  0.9610 | ( 69, 81)    5     8   Y   4  1011011011010010 46802.0000  0.5100
 97)  1111110101011000 64856.0000  0.9794 | ( 70, 55)    2     3   Y   2  1101110111100011 56803.0000  0.7513
 98)  1111011111001011 63435.0000  0.9369 | ( 70, 55)    2     3   Y   0  0111111111001011 32715.0000  0.2492
 99)  1111111111010111 65495.0000  0.9988 | ( 31, 88)    7    10   Y   4  1111010001000010 62530.0000  0.9104
100)  1110111110100010 61346.0000  0.8762 | ( 31, 88)    7    10   Y  10  1111111001000110 65094.0000  0.9866
_____________________________________________________________________________________________________________
Generation # 44 Accumulated Statistics: 
Total Crossovers = 1800, Total Mutations = 4500
min = 0.230300   max = 0.998800   avg = 0.840264   sum = 84.026400
Best individual in this generation = 1111111111011001
Global Best Individual so far, Generation # 25:
String = 1111111111111111    Fitness = 1.000000

_____________________________________________________________________________________________________________
                                      P O P U L A T I O N          R E P O R T  
 Generation #  45                             Generation #  46
 num      string           x       fitness    parents    x1   x2  mut place     string        x       fitness
_____________________________________________________________________________________________________________
  1)  1101111101011010 57178.0000  0.7612 | (  1,  4)    7    12   Y  15  1101111101011011 57179.0000  0.7612
  2)  1011001000001100 45580.0000  0.4837 | (  1,  4)    7    12   Y  15  1111110101010100 64852.0000  0.9793
  3)  1110010111111000 58872.0000  0.8070 | (  6,  7)    7    11   Y   7  1111111011111101 65277.0000  0.9921
  4)  1111110101010101 64853.0000  0.9793 | (  6,  7)    7    11   Y  15  1111110001011010 64602.0000  0.9717
  5)  1101110111001111 56783.0000  0.7507 | ( 10, 11)    1     4   Y   0  0111111110001011 32651.0000  0.2482
  6)  1111111001011101 65117.0000  0.9873 | ( 10, 11)    1     4   Y   9  1111110101011101 64861.0000  0.9795
  7)  1111110111111011 65019.0000  0.9843 | ( 14, 43)    3     4   Y   8  1111010111011100 62940.0000  0.9224
  8)  1111101110011011 64411.0000  0.9660 | ( 14, 43)    3     4   Y  12  1111101111011001 64473.0000  0.9679
  9)  1111111110001111 65423.0000  0.9966 | ( 18, 84)    3    13   Y   8  1110110011100010 60642.0000  0.8562
 10)  1111111110001011 65419.0000  0.9965 | ( 18, 84)    3    13   Y   4  1111001110111011 62395.0000  0.9065
 11)  1111110100011101 64797.0000  0.9776 | ( 22, 24)   12    13   Y   5  1111101111000000 64448.0000  0.9671
 12)  1111111101010010 65362.0000  0.9947 | ( 22, 24)   12    13   Y   5  1111101001110101 64117.0000  0.9572
 13)  1110110111011110 60894.0000  0.8634 | ( 77, 88)   11    13   Y   4  1111011011011100 63196.0000  0.9299
 14)  1111010101011100 62812.0000  0.9186 | ( 77, 88)   11    13   Y   2  1101101011001101 56013.0000  0.7305
 15)  1111100110100011 63907.0000  0.9509 | ( 71, 31)    8    10   Y  11  1111111111011111 65503.0000  0.9990
 16)  1111101101101010 64362.0000  0.9645 | ( 71, 31)    8    10   Y  15  1111111111000111 65479.0000  0.9983
 17)  1111001011011111 62175.0000  0.9001 | ( 76, 35)    7    11   Y  11  1111111100110101 65333.0000  0.9938
 18)  1111101110111010 64442.0000  0.9669 | ( 76, 35)    7    11   Y  12  1111110101111111 64895.0000  0.9806
 19)  1101010110111100 54716.0000  0.6971 | ( 37, 60)   11    15   Y  10  1111110000010001 64529.0000  0.9695
 20)  1111010110010001 62865.0000  0.9202 | ( 37, 60)   11    15   Y  14  1101111110110001 57265.0000  0.7635
 21)  1111111101000111 65351.0000  0.9944 | ( 26, 75)    0     2   Y   2  1101111111011001 57305.0000  0.7646
 22)  1111111111000000 65472.0000  0.9981 | ( 26, 75)    0     2   Y   3  1110111110100101 61349.0000  0.8763
 23)  1111101000011011 64027.0000  0.9545 | ( 45, 57)    8    11   Y   4  1111011001110111 63095.0000  0.9269
 24)  1111111001110101 65141.0000  0.9880 | ( 45, 57)    8    11   Y  15  1111110111011000 64984.0000  0.9833
 25)  1101111110001101 57229.0000  0.7626 | ( 50, 56)    5     8   Y   0  0110111101010010 28498.0000  0.1891
 26)  1111111111011001 65497.0000  0.9988 | ( 50, 56)    5     8   Y   8  1111111111000111 65479.0000  0.9983
 27)  1011111011001110 48846.0000  0.5555 | ( 36, 94)    2     5   Y   6  1111110100100001 64801.0000  0.9777
 28)  1111111011010101 65237.0000  0.9909 | ( 36, 94)    2     5   Y   2  1111101111111001 64505.0000  0.9688
 29)  1111011111010101 63445.0000  0.9372 | ( 97, 28)    3    15   Y   8  1101111001010101 56917.0000  0.7543
 30)  1111110011101111 64751.0000  0.9762 | ( 97, 28)    3    15   Y   3  1110110111100011 60899.0000  0.8635
 31)  1111111111000110 65478.0000  0.9983 | ( 61, 93)    0     0   Y   3  1110111100010101 61205.0000  0.8722
 32)  1011111100101110 48942.0000  0.5577 | ( 61, 93)    0     0   Y   3  1110110100001110 60686.0000  0.8575
 33)  1111110111111110 65022.0000  0.9844 | ( 30, 73)    7    14   Y   3  1110110110010111 60823.0000  0.8614
 34)  1011110100110011 48435.0000  0.5462 | ( 30, 73)    7    14   Y  14  1111111011101110 65262.0000  0.9917
 35)  1111110100110111 64823.0000  0.9784 | ( 65, 66)    4     8   Y   8  1101101100101110 56110.0000  0.7331
 36)  1101111100100001 57121.0000  0.7597 | ( 65, 66)    4     8   Y   2  1101111100110110 57142.0000  0.7603
 37)  1111110000110011 64563.0000  0.9706 | ( 41, 92)    1    10   Y  15  1111110111101100 65004.0000  0.9839
 38)  1111101101111011 64379.0000  0.9650 | ( 41, 92)    1    10   Y   9  1111111100001011 65291.0000  0.9926
 39)  1101001111011010 54234.0000  0.6849 | ( 12, 69)    0     0   Y   5  1111101101010010 64338.0000  0.9638
 40)  0111101011011011 31451.0000  0.2303 | ( 12, 69)    0     0   Y  11  1111101100101011 64299.0000  0.9626
 41)  1111111101101101 65389.0000  0.9955 | ( 82, 95)   13    15   Y  13  1011111101010001 48977.0000  0.5585
 42)  1110111110000111 61319.0000  0.8755 | ( 82, 95)   13    15   Y   4  1111001010011001 62105.0000  0.8981
 43)  1111101111010001 64465.0000  0.9676 | ( 67, 90)    5    15   Y   5  1111101101011111 64351.0000  0.9642
 44)  1101111100100011 57123.0000  0.7598 | ( 67, 90)    5    15   Y   1  1011111101110010 49010.0000  0.5593
 45)  1111111011010111 65239.0000  0.9910 | ( 52, 33)   12    14   Y   0  0111111001011110 32350.0000  0.2437
 46)  1111111001111011 65147.0000  0.9882 | ( 52, 33)   12    14   Y   2  1101110111110010 56818.0000  0.7517
 47)  1011010010101110 46254.0000  0.4981 | ( 20, 81)    8    12   Y  14  1111010101010011 62803.0000  0.9184
 48)  0111110101011000 32088.0000  0.2397 | ( 20, 81)    8    12   Y   5  1111101110010111 64407.0000  0.9659
 49)  1111001110011010 62362.0000  0.9055 | ( 58, 72)   11    13   Y   3  1110110110000011 60803.0000  0.8608
 50)  1110111101010010 61266.0000  0.8740 | ( 58, 72)   11    13   Y   2  1101111100111001 57145.0000  0.7603
 51)  1010011100001100 42764.0000  0.4258 | (  1,  4)    7     9   Y   1  1001111101011010 40794.0000  0.3875
 52)  1111111001010010 65106.0000  0.9870 | (  1,  4)    7     9   Y  13  1111110101010001 64849.0000  0.9792
 53)  1110111101010100 61268.0000  0.8740 | (  6,  7)    3     6   Y   8  1111111011011101 65245.0000  0.9912
 54)  1110110111011001 60889.0000  0.8632 | (  6,  7)    3     6   Y   4  1111010111111011 62971.0000  0.9233
 55)  0111110111011101 32221.0000  0.2417 | (  9, 12)    9    11   Y  13  1111111111001011 65483.0000  0.9984
 56)  1111111101000111 65351.0000  0.9944 | (  9, 12)    9    11   Y  11  1111111100000010 65282.0000  0.9923
 57)  1111110101111001 64889.0000  0.9804 | ( 43, 15)    2    15   Y   0  0111100110100011 31139.0000  0.2258
 58)  1111110110011011 64923.0000  0.9814 | ( 43, 15)    2    15   Y  12  1111101111011001 64473.0000  0.9679
 59)  1110111111001111 61391.0000  0.8775 | ( 18, 20)    3    11   Y   2  1101010110011010 54682.0000  0.6962
 60)  1101111110110001 57265.0000  0.7635 | ( 18, 20)    3    11   Y  10  1111101110010001 64401.0000  0.9657
 61)  1111111100010101 65301.0000  0.9929 | ( 31, 22)   13    14   Y  15  1111111111000011 65475.0000  0.9982
 62)  1110111110110010 61362.0000  0.8767 | ( 31, 22)   13    14   Y   3  1110111111000100 61380.0000  0.8772
 63)  1111100100001101 63757.0000  0.9465 | ( 25, 27)   12    15   Y   9  1101111111001111 57295.0000  0.7643
 64)  0111111101111010 32634.0000  0.2480 | ( 25, 27)   12    15   Y  10  1011111011101100 48876.0000  0.5562
 65)  1101111110101110 57262.0000  0.7635 | ( 28, 21)    8    15   Y   0  0111111001000111 32327.0000  0.2433
 66)  1111101100110110 64310.0000  0.9630 | ( 28, 21)    8    15   Y   6  1111110111010101 64981.0000  0.9832
 67)  1111111101110011 65395.0000  0.9957 | ( 52, 36)   12    14   Y   1  1011111001010010 48722.0000  0.5527
 68)  1111101100101000 64296.0000  0.9625 | ( 52, 36)   12    14   Y  12  1101111100101001 57129.0000  0.7599
 69)  1111101100111011 64315.0000  0.9631 | ( 26, 68)    2    12   Y   3  1110101100101001 60201.0000  0.8438
 70)  1111111101001001 65353.0000  0.9945 | ( 26, 68)    2    12   Y  15  1111111111011001 65497.0000  0.9988
 71)  1111111111001111 65487.0000  0.9985 | ( 41, 85)    0     0   Y   2  1101111101101101 57197.0000  0.7617
 72)  1111111100100001 65313.0000  0.9932 | ( 41, 85)    0     0   Y  11  1111010110000100 62852.0000  0.9198
 73)  1111111110010100 65428.0000  0.9967 | ( 72, 54)    1    15   Y  10  1110110111111001 60921.0000  0.8641
 74)  1011111111000111 49095.0000  0.5612 | ( 72, 54)    1    15   Y   8  1111111110100001 65441.0000  0.9971
 75)  1111111110100101 65445.0000  0.9973 | ( 50, 34)    5    12   Y   5  1110100100110010 59698.0000  0.8298
 76)  1111111101100101 65381.0000  0.9953 | ( 50, 34)    5    12   Y  13  1011111101010111 48983.0000  0.5587
 77)  1111111011001100 65228.0000  0.9907 | ( 81, 80)   12    14   Y   0  0111111101011011 32603.0000  0.2475
 78)  1111000101011100 61788.0000  0.8889 | ( 81, 80)   12    14   Y   1  1011010101010111 46423.0000  0.5018
 79)  1110111111110111 61431.0000  0.8787 | ( 56, 59)    0     0   Y   6  1111110101000111 64839.0000  0.9789
 80)  1111010101011011 62811.0000  0.9186 | ( 56, 59)    0     0   Y   8  1110111101001111 61263.0000  0.8739
 81)  1111111101010111 65367.0000  0.9949 | ( 99, 45)    3    15   Y  12  1111111011011110 65246.0000  0.9912
 82)  1011111101010001 48977.0000  0.5585 | ( 99, 45)    3    15   Y  11  1111010001010011 62547.0000  0.9109
 83)  1101111111010001 57297.0000  0.7644 | ( 66, 10)    0     0   Y   7  1111101000110110 64054.0000  0.9553
 84)  1110110001100011 60515.0000  0.8527 | ( 66, 10)    0     0   Y   4  1111011110001011 63371.0000  0.9350
 85)  1111010110010100 62868.0000  0.9203 | ( 67, 38)    8    13   Y   7  1111111001111011 65147.0000  0.9882
 86)  0111101100010000 31504.0000  0.2311 | ( 67, 38)    8    13   Y   3  1110101101110011 60275.0000  0.8459
 87)  0111101110011010 31642.0000  0.2331 | ( 73, 76)    3    14   Y   9  1111111100100100 65316.0000  0.9933
 88)  1111101011011101 64221.0000  0.9603 | ( 73, 76)    3    14   Y   1  1011111110010101 49045.0000  0.5601
 89)  1111101100000100 64260.0000  0.9615 | ( 77, 30)    0     0   Y   3  1110111011001100 61132.0000  0.8701
 90)  1111111101011110 65374.0000  0.9951 | ( 77, 30)    0     0   Y   5  1111100011101111 63727.0000  0.9456
 91)  1011111000111000 48696.0000  0.5521 | ( 89, 93)    6    11   Y   5  1111110100000100 64772.0000  0.9769
 92)  1111110111001011 64971.0000  0.9829 | ( 89, 93)    6    11   Y  13  1111111100001010 65290.0000  0.9925
 93)  1111110100001110 64782.0000  0.9772 | ( 69, 75)    0     0   Y   6  1111100100111011 63803.0000  0.9478
 94)  1111101111111001 64505.0000  0.9688 | ( 69, 75)    0     0   Y   1  1011111110100101 49061.0000  0.5604
 95)  1111101010011101 64157.0000  0.9584 | ( 79, 57)    3     6   Y   7  1111111011110111 65271.0000  0.9920
 96)  1011011011010010 46802.0000  0.5100 | ( 79, 57)    3     6   Y  15  1110110101111000 60792.0000  0.8605
 97)  1101110111100011 56803.0000  0.7513 | ( 37, 70)   13    14   Y   5  1111100000110011 63539.0000  0.9400
 98)  0111111111001011 32715.0000  0.2492 | ( 37, 70)   13    14   Y   5  1111101101001001 64329.0000  0.9635
 99)  1111010001000010 62530.0000  0.9104 | ( 71, 90)    9    12   Y  15  1111111111011110 65502.0000  0.9990
100)  1111111001000110 65094.0000  0.9866 | ( 71, 90)    9    12   Y   0  0111111101001110 32590.0000  0.2473
_____________________________________________________________________________________________________________
Generation # 45 Accumulated Statistics: 
Total Crossovers = 1843, Total Mutations = 4600
min = 0.189100   max = 0.999000   avg = 0.833511   sum = 83.351100
Best individual in this generation = 1111111111011111
Global Best Individual so far, Generation # 25:
String = 1111111111111111    Fitness = 1.000000

_____________________________________________________________________________________________________________
                                      P O P U L A T I O N          R E P O R T  
 Generation #  46                             Generation #  47
 num      string           x       fitness    parents    x1   x2  mut place     string        x       fitness
_____________________________________________________________________________________________________________
  1)  1101111101011011 57179.0000  0.7612 | (  2,  3)   13    14   Y   9  1111110100010100 64788.0000  0.9773
  2)  1111110101010100 64852.0000  0.9793 | (  2,  3)   13    14   Y   7  1111111111111101 65533.0000  0.9999
  3)  1111111011111101 65277.0000  0.9921 | (  6,  8)    6    15   Y   1  1011111111011001 49113.0000  0.5616
  4)  1111110001011010 64602.0000  0.9717 | (  6,  8)    6    15   Y  15  1111100101011100 63836.0000  0.9488
  5)  0111111110001011 32651.0000  0.2482 | ( 10, 11)   10    12   Y   0  0111001110001011 29579.0000  0.2037
  6)  1111110101011101 64861.0000  0.9795 | ( 10, 11)   10    12   Y   6  1111100111110000 63984.0000  0.9532
  7)  1111010111011100 62940.0000  0.9224 | ( 13, 15)    0     0   Y   6  1111010011011100 62684.0000  0.9149
  8)  1111101111011001 64473.0000  0.9679 | ( 13, 15)    0     0   Y   0  0111111111011111 32735.0000  0.2495
  9)  1110110011100010 60642.0000  0.8562 | ( 18, 19)   12    13   Y   9  1111110100110111 64823.0000  0.9784
 10)  1111001110111011 62395.0000  0.9065 | ( 18, 19)   12    13   Y  12  1111110000010001 64529.0000  0.9695
 11)  1111101111000000 64448.0000  0.9671 | ( 62, 91)    0     0   Y   0  0110111111000100 28612.0000  0.1906
 12)  1111101001110101 64117.0000  0.9572 | ( 62, 91)    0     0   Y   9  1111110101000100 64836.0000  0.9788
 13)  1111011011011100 63196.0000  0.9299 | ( 40, 27)    2    12   Y   9  1111110101101011 64875.0000  0.9800
 14)  1101101011001101 56013.0000  0.7305 | ( 40, 27)    2    12   Y  10  1111101100000001 64257.0000  0.9614
 15)  1111111111011111 65503.0000  0.9990 | ( 70, 55)    0     0   Y   1  1011111111011001 49113.0000  0.5616
 16)  1111111111000111 65479.0000  0.9983 | ( 70, 55)    0     0   Y   5  1111101111001011 64459.0000  0.9674
 17)  1111111100110101 65333.0000  0.9938 | ( 34, 17)    0     0   Y  13  1111111011101010 65258.0000  0.9916
 18)  1111110101111111 64895.0000  0.9806 | ( 34, 17)    0     0   Y   4  1111011100110101 63285.0000  0.9325
 19)  1111110000010001 64529.0000  0.9695 | ( 38, 89)    0     0   Y   8  1111111110001011 65419.0000  0.9965
 20)  1101111110110001 57265.0000  0.7635 | ( 38, 89)    0     0   Y  14  1110111011001110 61134.0000  0.8702
 21)  1101111111011001 57305.0000  0.7646 | ( 16, 61)   13    14   Y   4  1111011111000011 63427.0000  0.9367
 22)  1110111110100101 61349.0000  0.8763 | ( 16, 61)   13    14   Y   2  1101111111000111 57287.0000  0.7641
 23)  1111011001110111 63095.0000  0.9269 | ( 46, 69)   10    11   Y  13  1101110111110110 56822.0000  0.7518
 24)  1111110111011000 64984.0000  0.9833 | ( 46, 69)   10    11   Y  12  1110101100100001 60193.0000  0.8436
 25)  0110111101010010 28498.0000  0.1891 | ( 99, 60)   12    13   Y   2  1101111111010110 57302.0000  0.7645
 26)  1111111111000111 65479.0000  0.9983 | ( 99, 60)   12    13   Y   1  1011101110011001 48025.0000  0.5370
 27)  1111110100100001 64801.0000  0.9777 | ( 53, 56)    3    10   Y  15  1111111100011100 65308.0000  0.9931
 28)  1111101111111001 64505.0000  0.9688 | ( 53, 56)    3    10   Y   3  1110111011000010 61122.0000  0.8699
 29)  1101111001010101 56917.0000  0.7543 | ( 66, 95)    7     9   Y   3  1110110011010101 60629.0000  0.8559
 30)  1110110111100011 60899.0000  0.8635 | ( 66, 95)    7     9   Y   9  1111111110110111 65463.0000  0.9978
 31)  1110111100010101 61205.0000  0.8722 | ( 48, 63)    1    12   Y  12  1101111111001111 57295.0000  0.7643
 32)  1110110100001110 60686.0000  0.8575 | ( 48, 63)    1    12   Y  15  1111101110011110 64414.0000  0.9661
 33)  1110110110010111 60823.0000  0.8614 | ( 43, 42)    8     9   Y   0  0111101111011111 31711.0000  0.2341
 34)  1111111011101110 65262.0000  0.9917 | ( 43, 42)    8     9   Y   8  1111001010011001 62105.0000  0.8981
 35)  1101101100101110 56110.0000  0.7331 | ( 75, 39)    0     0   Y   5  1110110100110010 60722.0000  0.8585
 36)  1101111100110110 57142.0000  0.7603 | ( 75, 39)    0     0   Y   5  1111111101010010 65362.0000  0.9947
 37)  1111110111101100 65004.0000  0.9839 | ( 72, 21)    1     5   Y  11  1101110110010100 56724.0000  0.7492
 38)  1111111100001011 65291.0000  0.9926 | ( 72, 21)    1     5   Y  15  1111011111011000 63448.0000  0.9373
 39)  1111101101010010 64338.0000  0.9638 | ( 73, 52)    7    11   Y   8  1110110111011001 60889.0000  0.8632
 40)  1111101100101011 64299.0000  0.9626 | ( 73, 52)    7    11   Y  14  1111110111110011 65011.0000  0.9841
 41)  1011111101010001 48977.0000  0.5585 | ( 84, 92)   12    13   Y   1  1011011110001011 46987.0000  0.5141
 42)  1111001010011001 62105.0000  0.8981 | ( 84, 92)   12    13   Y  12  1111111100000010 65282.0000  0.9923
 43)  1111101101011111 64351.0000  0.9642 | ( 87, 90)    9    11   Y   1  1011111101100100 48996.0000  0.5590
 44)  1011111101110010 49010.0000  0.5593 | ( 87, 90)    9    11   Y  15  1111100010101110 63662.0000  0.9437
 45)  0111111001011110 32350.0000  0.2437 | ( 47, 74)    2    15   Y  11  1111111110110001 65457.0000  0.9976
 46)  1101110111110010 56818.0000  0.7517 | ( 47, 74)    2    15   Y  15  1111010101010010 62802.0000  0.9183
 47)  1111010101010011 62803.0000  0.9184 | ( 49, 26)    0     0   Y   4  1110010110000011 58755.0000  0.8038
 48)  1111101110010111 64407.0000  0.9659 | ( 49, 26)    0     0   Y   9  1111111110000111 65415.0000  0.9963
 49)  1110110110000011 60803.0000  0.8608 | ( 85, 93)    9    14   Y   1  1011111000111011 48699.0000  0.5522
 50)  1101111100111001 57145.0000  0.7603 | ( 85, 93)    9    14   Y   9  1111100100111011 63803.0000  0.9478
 51)  1001111101011010 40794.0000  0.3875 | (  2,  3)   12    13   Y  15  1111110101011101 64861.0000  0.9795
 52)  1111110101010001 64849.0000  0.9792 | (  2,  3)   12    13   Y  10  1111111011010101 65237.0000  0.9909
 53)  1111111011011101 65245.0000  0.9912 | (  6,  8)    5     6   Y   7  1111100001011101 63581.0000  0.9413
 54)  1111010111111011 62971.0000  0.9233 | (  6,  8)    5     6   Y   3  1110111111011001 61401.0000  0.8778
 55)  1111111111001011 65483.0000  0.9984 | ( 10, 11)   14    15   Y   0  0111001110111001 29625.0000  0.2043
 56)  1111111100000010 65282.0000  0.9923 | ( 10, 11)   14    15   Y  14  1111101111000000 64448.0000  0.9671
 57)  0111100110100011 31139.0000  0.2258 | ( 48, 15)    6    15   Y   3  1110101111011111 60383.0000  0.8490
 58)  1111101111011001 64473.0000  0.9679 | ( 48, 15)    6    15   Y   7  1111111010010111 65175.0000  0.9890
 59)  1101010110011010 54682.0000  0.6962 | ( 17, 19)    6     7   Y   8  1111110110110101 64949.0000  0.9822
 60)  1111101110010001 64401.0000  0.9657 | ( 17, 19)    6     7   Y  11  1111111000000001 65025.0000  0.9845
 61)  1111111111000011 65475.0000  0.9982 | ( 61, 23)    1     4   Y  12  1111111111001011 65483.0000  0.9984
 62)  1110111111000100 61380.0000  0.8772 | ( 61, 23)    1     4   Y  10  1111011001010111 63063.0000  0.9260
 63)  1101111111001111 57295.0000  0.7643 | ( 55, 99)    0     0   Y   4  1111011111001011 63435.0000  0.9369
 64)  1011111011101100 48876.0000  0.5562 | ( 55, 99)    0     0   Y   7  1111111011011110 65246.0000  0.9912
 65)  0111111001000111 32327.0000  0.2433 | ( 26, 81)    9    14   Y  12  1111111111010111 65495.0000  0.9988
 66)  1111110111010101 64981.0000  0.9832 | ( 26, 81)    9    14   Y  10  1111111011100110 65254.0000  0.9914
 67)  1011111001010010 48722.0000  0.5527 | ( 33, 47)    9    12   Y   8  1110110101010111 60759.0000  0.8596
 68)  1101111100101001 57129.0000  0.7599 | ( 33, 47)    9    12   Y   1  1011010100010011 46355.0000  0.5003
 69)  1110101100101001 60201.0000  0.8438 | ( 37, 22)   14    15   Y  14  1111110111101110 65006.0000  0.9839
 70)  1111111111011001 65497.0000  0.9988 | ( 37, 22)   14    15   Y   7  1110111010100101 61093.0000  0.8690
 71)  1101111101101101 57197.0000  0.7617 | ( 98, 43)    1    11   Y  12  1111101101000001 64321.0000  0.9633
 72)  1111010110000100 62852.0000  0.9198 | ( 98, 43)    1    11   Y  12  1111101101010111 64343.0000  0.9640
 73)  1110110111111001 60921.0000  0.8641 | ( 49, 82)    5    14   Y  12  1110110001011011 60507.0000  0.8524
 74)  1111111110100001 65441.0000  0.9971 | ( 49, 82)    5    14   Y   0  0111010110000011 30083.0000  0.2107
 75)  1110100100110010 59698.0000  0.8298 | ( 91, 52)    8    12   Y  12  1111110101011100 64860.0000  0.9795
 76)  1011111101010111 48983.0000  0.5587 | ( 91, 52)    8    12   Y  11  1111110100010001 64785.0000  0.9772
 77)  0111111101011011 32603.0000  0.2475 | ( 53, 38)   14    15   Y  14  1111111011011101 65245.0000  0.9912
 78)  1011010101010111 46423.0000  0.5018 | ( 53, 38)   14    15   Y   2  1101111100001001 57097.0000  0.7591
 79)  1111110101000111 64839.0000  0.9789 | ( 96, 24)   11    15   Y   9  1110110100111000 60728.0000  0.8587
 80)  1110111101001111 61263.0000  0.8739 | ( 96, 24)   11    15   Y   9  1111110110011000 64920.0000  0.9813
 81)  1111111011011110 65246.0000  0.9912 | ( 66, 29)    0     0   Y  14  1111110111010111 64983.0000  0.9832
 82)  1111010001010011 62547.0000  0.9109 | ( 66, 29)    0     0   Y  13  1101111001010001 56913.0000  0.7542
 83)  1111101000110110 64054.0000  0.9553 | ( 56, 85)   13    15   Y  15  1111111100000011 65283.0000  0.9923
 84)  1111011110001011 63371.0000  0.9350 | ( 56, 85)   13    15   Y  14  1111111001111001 65145.0000  0.9881
 85)  1111111001111011 65147.0000  0.9882 | ( 70, 87)    7     8   Y  11  1111111111001001 65481.0000  0.9984
 86)  1110101101110011 60275.0000  0.8459 | ( 70, 87)    7     8   Y   1  1011111100100100 48932.0000  0.5575
 87)  1111111100100100 65316.0000  0.9933 | ( 95, 34)    0    10   Y   0  0111111011110111 32503.0000  0.2460
 88)  1011111110010101 49045.0000  0.5601 | ( 95, 34)    0    10   Y   1  1011111011101110 48878.0000  0.5563
 89)  1110111011001100 61132.0000  0.8701 | ( 40, 74)    4     7   Y  11  1111111100111011 65339.0000  0.9940
 90)  1111100011101111 63727.0000  0.9456 | ( 40, 74)    4     7   Y   3  1110101110100001 60321.0000  0.8472
 91)  1111110100000100 64772.0000  0.9769 | ( 79, 60)   14    15   Y   2  1101110101000101 56645.0000  0.7471
 92)  1111111100001010 65290.0000  0.9925 | ( 79, 60)   14    15   Y  15  1111101110010010 64402.0000  0.9657
 93)  1111100100111011 63803.0000  0.9478 | ( 58, 83)    0     0   Y  13  1111101111011101 64477.0000  0.9680
 94)  1011111110100101 49061.0000  0.5604 | ( 58, 83)    0     0   Y   9  1111101001110110 64118.0000  0.9572
 95)  1111111011110111 65271.0000  0.9920 | ( 76,100)   14    15   Y  14  1011111101010101 48981.0000  0.5586
 96)  1110110101111000 60792.0000  0.8605 | ( 76,100)   14    15   Y  10  0111111101101110 32622.0000  0.2478
 97)  1111100000110011 63539.0000  0.9400 | ( 63, 69)   13    14   Y   5  1101101111001011 56267.0000  0.7372
 98)  1111101101001001 64329.0000  0.9635 | ( 63, 69)   13    14   Y   9  1110101101101101 60269.0000  0.8457
 99)  1111111111011110 65502.0000  0.9990 | ( 92, 84)   10    15   Y  15  1111111100001011 65291.0000  0.9926
100)  0111111101001110 32590.0000  0.2473 | ( 92, 84)   10    15   Y   6  1111010110001011 62859.0000  0.9200
_____________________________________________________________________________________________________________
Generation # 46 Accumulated Statistics: 
Total Crossovers = 1883, Total Mutations = 4700
min = 0.190600   max = 0.999900   avg = 0.831921   sum = 83.192100
Best individual in this generation = 1111111111111101
Global Best Individual so far, Generation # 25:
String = 1111111111111111    Fitness = 1.000000

_____________________________________________________________________________________________________________
                                      P O P U L A T I O N          R E P O R T  
 Generation #  47                             Generation #  48
 num      string           x       fitness    parents    x1   x2  mut place     string        x       fitness
_____________________________________________________________________________________________________________
  1)  1111110100010100 64788.0000  0.9773 | (  2,  4)    0     0   Y   9  1111111110111101 65469.0000  0.9980
  2)  1111111111111101 65533.0000  0.9999 | (  2,  4)    0     0   Y  13  1111100101011000 63832.0000  0.9487
  3)  1011111111011001 49113.0000  0.5616 | (  6, 85)    8    11   Y   2  1101100111010000 55760.0000  0.7239
  4)  1111100101011100 63836.0000  0.9488 | (  6, 85)    8    11   Y   7  1111111011101001 65257.0000  0.9915
  5)  0111001110001011 29579.0000  0.2037 | (  9, 65)    6    13   Y   1  1011111111010111 49111.0000  0.5616
  6)  1111100111110000 63984.0000  0.9532 | (  9, 65)    6    13   Y  10  1111110100010111 64791.0000  0.9774
  7)  1111010011011100 62684.0000  0.9149 | ( 14, 16)    0     0   Y   2  1101101100000001 56065.0000  0.7319
  8)  0111111111011111 32735.0000  0.2495 | ( 14, 16)    0     0   Y  14  1111101111001001 64457.0000  0.9674
  9)  1111110100110111 64823.0000  0.9784 | ( 17, 19)    0     0   Y  14  1111111011101000 65256.0000  0.9915
 10)  1111110000010001 64529.0000  0.9695 | ( 17, 19)    0     0   Y  12  1111111110000011 65411.0000  0.9962
 11)  0110111111000100 28612.0000  0.1906 | ( 45, 23)    0     0   Y   6  1111110110110001 64945.0000  0.9821
 12)  1111110101000100 64836.0000  0.9788 | ( 45, 23)    0     0   Y   6  1101111111110110 57334.0000  0.7654
 13)  1111110101101011 64875.0000  0.9800 | ( 25, 27)    0    11   Y  13  1111111100010010 65298.0000  0.9928
 14)  1111101100000001 64257.0000  0.9614 | ( 25, 27)    0    11   Y  12  1101111111010100 57300.0000  0.7645
 15)  1011111111011001 49113.0000  0.5616 | ( 30, 76)   10    14   Y  14  1111111110010001 65425.0000  0.9966
 16)  1111101111001011 64459.0000  0.9674 | ( 30, 76)   10    14   Y   3  1110110100110101 60725.0000  0.8586
 17)  1111111011101010 65258.0000  0.9916 | ( 59, 94)    0     0   Y  14  1111110110110111 64951.0000  0.9823
 18)  1111011100110101 63285.0000  0.9325 | ( 59, 94)    0     0   Y   5  1111111001110110 65142.0000  0.9880
 19)  1111111110001011 65419.0000  0.9965 | ( 99, 42)    6    15   Y   5  1111101100000011 64259.0000  0.9614
 20)  1110111011001110 61134.0000  0.8702 | ( 99, 42)    6    15   Y   8  1111111110001010 65418.0000  0.9964
 21)  1111011111000011 63427.0000  0.9367 | ( 22, 36)    3     8   Y   7  1101111011000111 57031.0000  0.7573
 22)  1101111111000111 57287.0000  0.7641 | ( 22, 36)    3     8   Y   1  1011111101010010 48978.0000  0.5585
 23)  1101110111110110 56822.0000  0.7518 | ( 46, 48)    0    12   Y   6  1111110110000010 64898.0000  0.9807
 24)  1110101100100001 60193.0000  0.8436 | ( 46, 48)    0    12   Y   6  1111011101010111 63319.0000  0.9335
 25)  1101111111010110 57302.0000  0.7645 | ( 81, 12)   11    15   Y   9  1111110110000101 64901.0000  0.9807
 26)  1011101110011001 48025.0000  0.5370 | ( 81, 12)   11    15   Y  11  1111110101000110 64838.0000  0.9788
 27)  1111111100011100 65308.0000  0.9931 | ( 40, 75)    1     9   Y   9  1111110100110011 64819.0000  0.9783
 28)  1110111011000010 61122.0000  0.8699 | ( 40, 75)    1     9   Y   9  1111110110011100 64924.0000  0.9814
 29)  1110110011010101 60629.0000  0.8559 | ( 92, 58)    9    14   Y  13  1111101110010010 64402.0000  0.9657
 30)  1111111110110111 65463.0000  0.9978 | ( 92, 58)    9    14   Y   6  1111110010010011 64659.0000  0.9734
 31)  1101111111001111 57295.0000  0.7643 | ( 61, 84)    1     6   Y  10  1111111111101011 65515.0000  0.9994
 32)  1111101110011110 64414.0000  0.9661 | ( 61, 84)    1     6   Y  10  1111111001011001 65113.0000  0.9872
 33)  0111101111011111 31711.0000  0.2341 | ( 93, 28)    0     0   Y   0  0111101111011101 31709.0000  0.2341
 34)  1111001010011001 62105.0000  0.8981 | ( 93, 28)    0     0   Y  13  1110111011000110 61126.0000  0.8700
 35)  1110110100110010 60722.0000  0.8585 | ( 83,  7)    0     0   Y   9  1111111101000011 65347.0000  0.9943
 36)  1111111101010010 65362.0000  0.9947 | ( 83,  7)    0     0   Y  14  1111010011011110 62686.0000  0.9149
 37)  1101110110010100 56724.0000  0.7492 | ( 80, 26)   10    11   Y   1  1011110110011000 48536.0000  0.5485
 38)  1111011111011000 63448.0000  0.9373 | ( 80, 26)   10    11   Y   1  1111101110011001 64409.0000  0.9659
 39)  1110110111011001 60889.0000  0.8632 | ( 52, 71)   13    14   Y   8  1111111001010001 65105.0000  0.9869
 40)  1111110111110011 65011.0000  0.9841 | ( 52, 71)   13    14   Y  11  1111101101010101 64341.0000  0.9639
 41)  1011011110001011 46987.0000  0.5141 | ( 32, 62)    8    12   Y   5  1111111101011110 65374.0000  0.9951
 42)  1111111100000010 65282.0000  0.9923 | ( 32, 62)    8    12   Y   9  1111011011010111 63191.0000  0.9297
 43)  1011111101100100 48996.0000  0.5590 | ( 90, 89)    0    15   Y   1  1011111100111011 48955.0000  0.5580
 44)  1111100010101110 63662.0000  0.9437 | ( 90, 89)    0    15   Y  10  1110101110000001 60289.0000  0.8463
 45)  1111111110110001 65457.0000  0.9976 | ( 77, 69)   13    15   Y   0  0111111011011111 32479.0000  0.2456
 46)  1111010101010010 62802.0000  0.9183 | ( 77, 69)   13    15   Y  13  1111110111101000 65000.0000  0.9837
 47)  1110010110000011 58755.0000  0.8038 | ( 13, 73)    0     0   Y  14  1111110101101001 64873.0000  0.9799
 48)  1111111110000111 65415.0000  0.9963 | ( 13, 73)    0     0   Y   2  1100110001011011 52315.0000  0.6372
 49)  1011111000111011 48699.0000  0.5522 | ( 79,100)   10    15   Y  14  1110110100001000 60680.0000  0.8573
 50)  1111100100111011 63803.0000  0.9478 | ( 79,100)   10    15   Y   0  0111010110111001 30137.0000  0.2115
 51)  1111110101011101 64861.0000  0.9795 | (  1,  4)    7    15   Y  12  1111110101010100 64852.0000  0.9793
 52)  1111111011010101 65237.0000  0.9909 | (  1,  4)    7    15   Y  11  1111100100000100 63748.0000  0.9462
 53)  1111100001011101 63581.0000  0.9413 | (  6,  7)    0     0   Y   8  1111100101110000 63856.0000  0.9494
 54)  1110111111011001 61401.0000  0.8778 | (  6,  7)    0     0   Y   3  1110010011011100 58588.0000  0.7992
 55)  0111001110111001 29625.0000  0.2043 | (  9, 12)    0    11   Y   2  1101110101010111 56663.0000  0.7476
 56)  1111101111000000 64448.0000  0.9671 | (  9, 12)    0    11   Y   6  1111111100100100 65316.0000  0.9933
 57)  1110101111011111 60383.0000  0.8490 | ( 13, 16)    1    13   Y   2  1101101111001011 56267.0000  0.7372
 58)  1111111010010111 65175.0000  0.9890 | ( 13, 16)    1    13   Y  13  1111110101101111 64879.0000  0.9801
 59)  1111110110110101 64949.0000  0.9822 | ( 51, 19)   11    15   Y   5  1111100101001011 63819.0000  0.9483
 60)  1111111000000001 65025.0000  0.9845 | ( 51, 19)   11    15   Y   6  1111110110011101 64925.0000  0.9815
 61)  1111111111001011 65483.0000  0.9984 | ( 21, 67)    9    10   Y   7  1111011011000011 63171.0000  0.9292
 62)  1111011001010111 63063.0000  0.9260 | ( 21, 67)    9    10   Y   2  1100110101010111 52567.0000  0.6434
 63)  1111011111001011 63435.0000  0.9369 | ( 25, 48)   10    12   Y   0  0101111111000110 24518.0000  0.1400
 64)  1111111011011110 65246.0000  0.9912 | ( 25, 48)   10    12   Y   4  1111011110010111 63383.0000  0.9354
 65)  1111111111010111 65495.0000  0.9988 | ( 30, 64)    1    14   Y   0  0111111011011111 32479.0000  0.2456
 66)  1111111011100110 65254.0000  0.9914 | ( 30, 64)    1    14   Y  12  1111111110111110 65470.0000  0.9980
 67)  1110110101010111 60759.0000  0.8596 | ( 24, 69)    8    15   Y   5  1110111111101111 61423.0000  0.8784
 68)  1011010100010011 46355.0000  0.5003 | ( 24, 69)    8    15   Y   6  1111111100100000 65312.0000  0.9932
 69)  1111110111101110 65006.0000  0.9839 | ( 52, 17)    0    13   Y   8  1111111001101101 65133.0000  0.9878
 70)  1110111010100101 61093.0000  0.8690 | ( 52, 17)    0    13   Y  15  1111111011010011 65235.0000  0.9909
 71)  1111101101000001 64321.0000  0.9633 | ( 46, 75)    2    14   Y   5  1111100101011110 63838.0000  0.9489
 72)  1111101101010111 64343.0000  0.9640 | ( 46, 75)    2    14   Y  13  1111010101010100 62804.0000  0.9184
 73)  1110110001011011 60507.0000  0.8524 | ( 27, 68)    3    15   Y  12  1111010100011010 62746.0000  0.9167
 74)  0111010110000011 30083.0000  0.2107 | ( 27, 68)    3    15   Y  14  1011111100011111 48927.0000  0.5574
 75)  1111110101011100 64860.0000  0.9795 | (  2, 79)    1     3   Y   7  1111111011111101 65277.0000  0.9921
 76)  1111110100010001 64785.0000  0.9772 | (  2, 79)    1     3   Y   7  1110110000111000 60472.0000  0.8515
 77)  1111111011011101 65245.0000  0.9912 | ( 50, 85)    0     8   Y   5  1111101100111011 64315.0000  0.9631
 78)  1101111100001001 57097.0000  0.7591 | ( 50, 85)    0     8   Y   7  1111100011001001 63689.0000  0.9445
 79)  1110110100111000 60728.0000  0.8587 | ( 83, 28)    3    13   Y   4  1110011011000011 59075.0000  0.8126
 80)  1111110110011000 64920.0000  0.9813 | ( 83, 28)    3    13   Y   0  0111111100000010 32514.0000  0.2461
 81)  1111110111010111 64983.0000  0.9832 | ( 40, 61)    6    15   Y  13  1111111111001111 65487.0000  0.9985
 82)  1101111001010001 56913.0000  0.7542 | ( 40, 61)    6    15   Y   6  1111111111110011 65523.0000  0.9996
 83)  1111111100000011 65283.0000  0.9923 | ( 93, 99)    6     8   Y   7  1111101011011101 64221.0000  0.9603
 84)  1111111001111001 65145.0000  0.9881 | ( 93, 99)    6     8   Y   9  1111111101001011 65355.0000  0.9945
 85)  1111111111001001 65481.0000  0.9984 | ( 36, 60)    8    14   Y  12  1111111100001010 65290.0000  0.9925
 86)  1011111100100100 48932.0000  0.5575 | ( 36, 60)    8    14   Y   9  1111111000010001 65041.0000  0.9850
 87)  0111111011110111 32503.0000  0.2460 | ( 57, 84)    2     3   Y  11  1110101111001111 60367.0000  0.8485
 88)  1011111011101110 48878.0000  0.5563 | ( 57, 84)    2     3   Y   2  1101111001111001 56953.0000  0.7552
 89)  1111111100111011 65339.0000  0.9940 | ( 66, 81)    8    15   Y   1  1011111011010110 48854.0000  0.5557
 90)  1110101110100001 60321.0000  0.8472 | ( 66, 81)    8    15   Y   7  1111110011100111 64743.0000  0.9760
 91)  1101110101000101 56645.0000  0.7471 | ( 80, 92)    8    10   Y  15  1111110110011001 64921.0000  0.9813
 92)  1111101110010010 64402.0000  0.9657 | ( 80, 92)    8    10   Y   7  1111101010010010 64146.0000  0.9581
 93)  1111101111011101 64477.0000  0.9680 | ( 39, 29)    5     8   Y   9  1110110010011001 60569.0000  0.8542
 94)  1111101001110110 64118.0000  0.9572 | ( 39, 29)    5     8   Y  10  1110110111110101 60917.0000  0.8640
 95)  1011111101010101 48981.0000  0.5586 | ( 89, 65)    5    14   Y   8  1111111101010111 65367.0000  0.9949
 96)  0111111101101110 32622.0000  0.2478 | ( 89, 65)    5    14   Y  10  1111111100011011 65307.0000  0.9931
 97)  1101101111001011 56267.0000  0.7372 | ( 59, 58)    0     0   Y   6  1111111110110101 65461.0000  0.9977
 98)  1110101101101101 60269.0000  0.8457 | ( 59, 58)    0     0   Y  15  1111111010010110 65174.0000  0.9890
 99)  1111111100001011 65291.0000  0.9926 | ( 94, 45)    9    10   Y  15  1111101000110111 64055.0000  0.9553
100)  1111010110001011 62859.0000  0.9200 | ( 94, 45)    9    10   Y  14  1111111111110011 65523.0000  0.9996
_____________________________________________________________________________________________________________
Generation # 47 Accumulated Statistics: 
Total Crossovers = 1923, Total Mutations = 4800
min = 0.140000   max = 0.999600   avg = 0.865822   sum = 86.582200
Best individual in this generation = 1111111111110011
Global Best Individual so far, Generation # 25:
String = 1111111111111111    Fitness = 1.000000

_____________________________________________________________________________________________________________
                                      P O P U L A T I O N          R E P O R T  
 Generation #  48                             Generation #  49
 num      string           x       fitness    parents    x1   x2  mut place     string        x       fitness
_____________________________________________________________________________________________________________
  1)  1111111110111101 65469.0000  0.9980 | (  1,  4)    5     7   Y  12  1111111110110101 65461.0000  0.9977
  2)  1111100101011000 63832.0000  0.9487 | (  1,  4)    5     7   Y  12  1111111011100001 65249.0000  0.9913
  3)  1101100111010000 55760.0000  0.7239 | (  6,  8)    5    15   Y  14  1111101111001011 64459.0000  0.9674
  4)  1111111011101001 65257.0000  0.9915 | (  6,  8)    5    15   Y   8  1111110110010111 64919.0000  0.9813
  5)  1011111111010111 49111.0000  0.5616 | (  9, 11)    4     5   Y   0  0111111011101000 32488.0000  0.2458
  6)  1111110100010111 64791.0000  0.9774 | (  9, 11)    4     5   Y   2  1101110110110001 56753.0000  0.7499
  7)  1101101100000001 56065.0000  0.7319 | ( 13, 84)    4     5   Y   6  1111110100010010 64786.0000  0.9773
  8)  1111101111001001 64457.0000  0.9674 | ( 13, 84)    4     5   Y  10  1111111101101011 65387.0000  0.9955
  9)  1111111011101000 65256.0000  0.9915 | ( 15, 20)   12    13   Y   5  1111101110011001 64409.0000  0.9659
 10)  1111111110000011 65411.0000  0.9962 | ( 15, 20)   12    13   Y   0  0111111110000010 32642.0000  0.2481
 11)  1111110110110001 64945.0000  0.9821 | ( 21, 24)   14    15   Y   6  1101110011000111 56519.0000  0.7438
 12)  1101111111110110 57334.0000  0.7654 | ( 21, 24)   14    15   Y   9  1111011100010111 63255.0000  0.9316
 13)  1111111100010010 65298.0000  0.9928 | ( 25, 27)    0    15   Y   4  1111010100110011 62771.0000  0.9174
 14)  1101111111010100 57300.0000  0.7645 | ( 25, 27)    0    15   Y  15  1111110110000100 64900.0000  0.9807
 15)  1111111110010001 65425.0000  0.9966 | ( 30,100)    7     9   Y  15  1111110110010010 64914.0000  0.9811
 16)  1110110100110101 60725.0000  0.8586 | ( 30,100)    7     9   Y  11  1111111011100011 65251.0000  0.9914
 17)  1111110110110111 64951.0000  0.9823 | ( 95, 36)    8    12   Y   0  0111111111010111 32727.0000  0.2494
 18)  1111111001110110 65142.0000  0.9880 | ( 95, 36)    8    12   Y  11  1111010001001110 62542.0000  0.9107
 19)  1111101100000011 64259.0000  0.9614 | ( 66, 39)    8    13   Y   8  1111111111010110 65494.0000  0.9987
 20)  1111111110001010 65418.0000  0.9964 | ( 66, 39)    8    13   Y   5  1111101010111001 64185.0000  0.9592
 21)  1101111011000111 57031.0000  0.7573 | ( 41, 77)    0     4   Y   3  1110111101011110 61278.0000  0.8743
 22)  1011111101010010 48978.0000  0.5585 | ( 41, 77)    0     4   Y  10  1111101100011011 64283.0000  0.9622
 23)  1111110110000010 64898.0000  0.9807 | ( 46, 92)   13    15   Y  10  1111110111001010 64970.0000  0.9828
 24)  1111011101010111 63319.0000  0.9335 | ( 46, 92)   13    15   Y   7  1111101110010000 64400.0000  0.9657
 25)  1111110110000101 64901.0000  0.9807 | ( 83, 82)   13    15   Y  12  1111101011010011 64211.0000  0.9600
 26)  1111110101000110 64838.0000  0.9788 | ( 83, 82)   13    15   Y   5  1111101111110101 64501.0000  0.9687
 27)  1111110100110011 64819.0000  0.9783 | ( 60, 17)   13    14   Y   9  1111110111011101 64989.0000  0.9834
 28)  1111110110011100 64924.0000  0.9814 | ( 60, 17)   13    14   Y   8  1111110100110111 64823.0000  0.9784
 29)  1111101110010010 64402.0000  0.9657 | ( 58, 59)    3     8   Y  12  1111100101100111 63847.0000  0.9491
 30)  1111110010010011 64659.0000  0.9734 | ( 58, 59)    3     8   Y   9  1111110100001011 64779.0000  0.9771
 31)  1111111111101011 65515.0000  0.9994 | ( 75, 47)    0     0   Y   7  1111111111111101 65533.0000  0.9999
 32)  1111111001011001 65113.0000  0.9872 | ( 75, 47)    0     0   Y   9  1111110100101001 64809.0000  0.9780
 33)  0111101111011101 31709.0000  0.2341 | ( 10, 35)    6     9   Y  11  1111111100010011 65299.0000  0.9928
 34)  1110111011000110 61126.0000  0.8700 | ( 10, 35)    6     9   Y   9  1111111110000011 65411.0000  0.9962
 35)  1111111101000011 65347.0000  0.9943 | ( 54, 61)    7    10   Y   0  0110010011011100 25820.0000  0.1552
 36)  1111010011011110 62686.0000  0.9149 | ( 54, 61)    7    10   Y   8  1111011001000011 63043.0000  0.9254
 37)  1011110110011000 48536.0000  0.5485 | ( 85, 69)   13    14   Y   2  1101111100001110 57102.0000  0.7592
 38)  1111101110011001 64409.0000  0.9659 | ( 85, 69)   13    14   Y   2  1101111001101001 56937.0000  0.7548
 39)  1111111001010001 65105.0000  0.9869 | ( 81, 86)    6     8   Y  15  1111111011001110 65230.0000  0.9907
 40)  1111101101010101 64341.0000  0.9639 | ( 81, 86)    6     8   Y  11  1111111100000001 65281.0000  0.9923
 41)  1111111101011110 65374.0000  0.9951 | ( 18, 53)    6    10   Y   2  1101110101110110 56694.0000  0.7484
 42)  1111011011010111 63191.0000  0.9297 | ( 18, 53)    6    10   Y   4  1111001001110000 62064.0000  0.8969
 43)  1011111100111011 48955.0000  0.5580 | ( 32, 97)    6    13   Y   7  1111111010110001 65201.0000  0.9898
 44)  1110101110000001 60289.0000  0.8463 | ( 32, 97)    6    13   Y  10  1111111001111101 65149.0000  0.9883
 45)  0111111011011111 32479.0000  0.2456 | ( 34, 72)    7    15   Y   3  1111111101010100 65364.0000  0.9948
 46)  1111110111101000 65000.0000  0.9837 | ( 34, 72)    7    15   Y   3  1110010011000110 58566.0000  0.7986
 47)  1111110101101001 64873.0000  0.9799 | ( 96, 79)    0     0   Y  11  1111111100001011 65291.0000  0.9926
 48)  1100110001011011 52315.0000  0.6372 | ( 96, 79)    0     0   Y   0  0110011011000011 26307.0000  0.1611
 49)  1110110100001000 60680.0000  0.8573 | ( 71, 40)    0     0   Y   8  1111100111011110 63966.0000  0.9527
 50)  0111010110111001 30137.0000  0.2115 | ( 71, 40)    0     0   Y   6  1111100101010101 63829.0000  0.9486
 51)  1111110101010100 64852.0000  0.9793 | (  1, 66)    9    15   Y   6  1111110110111111 64959.0000  0.9825
 52)  1111100100000100 63748.0000  0.9462 | (  1, 66)    9    15   Y   4  1111011110111100 63420.0000  0.9365
 53)  1111100101110000 63856.0000  0.9494 | (  6, 38)    6     7   Y  10  1111111100110111 65335.0000  0.9939
 54)  1110010011011100 58588.0000  0.7992 | (  6, 38)    6     7   Y   1  1011100110011001 47513.0000  0.5256
 55)  1101110101010111 56663.0000  0.7476 | ( 10, 11)    8    10   Y   1  1011111110000011 49027.0000  0.5597
 56)  1111111100100100 65316.0000  0.9933 | ( 10, 11)    8    10   Y  13  1111110110110101 64949.0000  0.9822
 57)  1101101111001011 56267.0000  0.7372 | ( 13, 15)    0     0   Y  12  1111111100011010 65306.0000  0.9930
 58)  1111110101101111 64879.0000  0.9801 | ( 13, 15)    0     0   Y  10  1111111110110001 65457.0000  0.9976
 59)  1111100101001011 63819.0000  0.9483 | ( 18, 20)    7    13   Y   2  1101111110001110 57230.0000  0.7626
 60)  1111110110011101 64925.0000  0.9815 | ( 18, 20)    7    13   Y   8  1111111011110010 65266.0000  0.9918
 61)  1111011011000011 63171.0000  0.9292 | ( 85, 69)   13    15   Y   9  1111111101001100 65356.0000  0.9945
 62)  1100110101010111 52567.0000  0.6434 | ( 85, 69)   13    15   Y  15  1111111001101010 65130.0000  0.9877
 63)  0101111111000110 24518.0000  0.1400 | ( 25, 28)    6    10   Y   1  1011110110000101 48517.0000  0.5481
 64)  1111011110010111 63383.0000  0.9354 | ( 25, 28)    6    10   Y   0  0111110110011100 32156.0000  0.2408
 65)  0111111011011111 32479.0000  0.2456 | ( 29, 32)   14    15   Y   3  1110101110010000 60304.0000  0.8467
 66)  1111111110111110 65470.0000  0.9980 | ( 29, 32)   14    15   Y  10  1111111001111011 65147.0000  0.9882
 67)  1110111111101111 61423.0000  0.8784 | ( 44, 35)   12    15   Y   4  1110001110000011 58243.0000  0.7898
 68)  1111111100100000 65312.0000  0.9932 | ( 44, 35)   12    15   Y   2  1101111101000001 57153.0000  0.7606
 69)  1111111001101101 65133.0000  0.9878 | ( 67, 39)    0     0   Y   2  1100111111101111 53231.0000  0.6598
 70)  1111111011010011 65235.0000  0.9909 | ( 67, 39)    0     0   Y   1  1011111001010001 48721.0000  0.5527
 71)  1111100101011110 63838.0000  0.9489 | ( 41, 30)    0     0   Y   4  1111011101011110 63326.0000  0.9337
 72)  1111010101010100 62804.0000  0.9184 | ( 41, 30)    0     0   Y   7  1111110110010011 64915.0000  0.9812
 73)  1111010100011010 62746.0000  0.9167 | (  8, 47)   13    14   Y  10  1111101111101001 64489.0000  0.9683
 74)  1011111100011111 48927.0000  0.5574 | (  8, 47)   13    14   Y   5  1111100101101001 63849.0000  0.9492
 75)  1111111011111101 65277.0000  0.9921 | ( 86, 59)    0     0   Y   6  1111110000010001 64529.0000  0.9695
 76)  1110110000111000 60472.0000  0.8515 | ( 86, 59)    0     0   Y   4  1111000101001011 61771.0000  0.8884
 77)  1111101100111011 64315.0000  0.9631 | ( 82, 68)    0     0   Y   3  1110111111110011 61427.0000  0.8786
 78)  1111100011001001 63689.0000  0.9445 | ( 82, 68)    0     0   Y   9  1111111101100000 65376.0000  0.9952
 79)  1110011011000011 59075.0000  0.8126 | ( 58, 84)    0     0   Y   4  1111010101101111 62831.0000  0.9192
 80)  0111111100000010 32514.0000  0.2461 | ( 58, 84)    0     0   Y   3  1110111101001011 61259.0000  0.8738
 81)  1111111111001111 65487.0000  0.9985 | ( 23, 98)    0     0   Y  10  1111110110100010 64930.0000  0.9816
 82)  1111111111110011 65523.0000  0.9996 | ( 23, 98)    0     0   Y   8  1111111000010110 65046.0000  0.9851
 83)  1111101011011101 64221.0000  0.9603 | ( 97, 78)    0     0   Y  11  1111111110100101 65445.0000  0.9973
 84)  1111111101001011 65355.0000  0.9945 | ( 97, 78)    0     0   Y  10  1111100011101001 63721.0000  0.9454
 85)  1111111100001010 65290.0000  0.9925 | ( 96, 79)   11    12   Y   8  1111111110001011 65419.0000  0.9965
 86)  1111111000010001 65041.0000  0.9850 | ( 96, 79)   11    12   Y  15  1110011011010010 59090.0000  0.8130
 87)  1110101111001111 60367.0000  0.8485 | ( 87, 51)    1    14   Y  13  1111110101010011 64851.0000  0.9792
 88)  1101111001111001 56953.0000  0.7552 | ( 87, 51)    1    14   Y  11  1110101111011100 60380.0000  0.8489
 89)  1011111011010110 48854.0000  0.5557 | ( 31, 91)    0     0   Y   6  1111110111101011 65003.0000  0.9838
 90)  1111110011100111 64743.0000  0.9760 | ( 31, 91)    0     0   Y   7  1111110010011001 64665.0000  0.9736
 91)  1111110110011001 64921.0000  0.9813 | ( 72, 34)    0     0   Y  12  1111010101011100 62812.0000  0.9186
 92)  1111101010010010 64146.0000  0.9581 | ( 72, 34)    0     0   Y   8  1110111001000110 60998.0000  0.8663
 93)  1110110010011001 60569.0000  0.8542 | (100, 93)    2     6   Y  13  1110111111110111 61431.0000  0.8787
 94)  1110110111110101 60917.0000  0.8640 | (100, 93)    2     6   Y   5  1111100010011001 63641.0000  0.9430
 95)  1111111101010111 65367.0000  0.9949 | ( 53, 46)    0     0   Y   2  1101100101110000 55664.0000  0.7214
 96)  1111111100011011 65307.0000  0.9931 | ( 53, 46)    0     0   Y  13  1111110111101100 65004.0000  0.9839
 97)  1111111110110101 65461.0000  0.9977 | (  3, 75)    2     4   Y   8  1111100101010000 63824.0000  0.9485
 98)  1111111010010110 65174.0000  0.9890 | (  3, 75)    2     4   Y  10  1101111011011101 57053.0000  0.7579
 99)  1111101000110111 64055.0000  0.9553 | ( 95, 70)   12    14   Y   5  1111101101010011 64339.0000  0.9638
100)  1111111111110011 65523.0000  0.9996 | ( 95, 70)   12    14   Y   7  1111111111010111 65495.0000  0.9988
_____________________________________________________________________________________________________________
Generation # 48 Accumulated Statistics: 
Total Crossovers = 1959, Total Mutations = 4900
min = 0.155200   max = 0.999900   avg = 0.873389   sum = 87.338900
Best individual in this generation = 1111111111111101
Global Best Individual so far, Generation # 25:
String = 1111111111111111    Fitness = 1.000000

_____________________________________________________________________________________________________________
                                      P O P U L A T I O N          R E P O R T  
 Generation #  49                             Generation #  50
 num      string           x       fitness    parents    x1   x2  mut place     string        x       fitness
_____________________________________________________________________________________________________________
  1)  1111111110110101 65461.0000  0.9977 | (  1,  4)   12    13   Y   0  0111111110110101 32693.0000  0.2489
  2)  1111111011100001 65249.0000  0.9913 | (  1,  4)   12    13   Y  11  1111110110000111 64903.0000  0.9808
  3)  1111101111001011 64459.0000  0.9674 | (  6,  8)    7     8   Y   8  1101110100110001 56625.0000  0.7466
  4)  1111110110010111 64919.0000  0.9813 | (  6,  8)    7     8   Y   2  1101111101101011 57195.0000  0.7617
  5)  0111111011101000 32488.0000  0.2458 | (  9, 12)    2     7   Y   9  1111011111011001 63449.0000  0.9374
  6)  1101110110110001 56753.0000  0.7499 | (  9, 12)    2     7   Y  10  1111101100110111 64311.0000  0.9630
  7)  1111110100010010 64786.0000  0.9773 | ( 13, 16)    0     0   Y   8  1111010110110011 62899.0000  0.9212
  8)  1111111101101011 65387.0000  0.9955 | ( 13, 16)    0     0   Y  10  1111111011000011 65219.0000  0.9904
  9)  1111101110011001 64409.0000  0.9659 | ( 18, 51)    0     0   Y   1  1011010001001110 46158.0000  0.4961
 10)  0111111110000010 32642.0000  0.2481 | ( 18, 51)    0     0   Y   1  1011110110111111 48575.0000  0.5494
 11)  1101110011000111 56519.0000  0.7438 | ( 34, 21)    0     8   Y  10  1110111110100011 61347.0000  0.8763
 12)  1111011100010111 63255.0000  0.9316 | ( 34, 21)    0     8   Y  10  1111111101111110 65406.0000  0.9961
 13)  1111010100110011 62771.0000  0.9174 | ( 26, 27)    0     0   Y  14  1111101111110111 64503.0000  0.9688
 14)  1111110110000100 64900.0000  0.9807 | ( 26, 27)    0     0   Y   7  1111110011011101 64733.0000  0.9757
 15)  1111110110010010 64914.0000  0.9811 | ( 62, 83)    1    10   Y  12  1111111110100010 65442.0000  0.9972
 16)  1111111011100011 65251.0000  0.9914 | ( 62, 83)    1    10   Y  15  1111111001100100 65124.0000  0.9875
 17)  0111111111010111 32727.0000  0.2494 | ( 96, 36)   11    14   Y   6  1111111111100000 65504.0000  0.9991
 18)  1111010001001110 62542.0000  0.9107 | ( 96, 36)   11    14   Y   3  1110011001001111 58959.0000  0.8094
 19)  1111111111010110 65494.0000  0.9987 | ( 37, 47)   10    11   Y  12  1101111100000110 57094.0000  0.7590
 20)  1111101010111001 64185.0000  0.9592 | ( 37, 47)   10    11   Y  15  1111111100001010 65290.0000  0.9925
 21)  1110111101011110 61278.0000  0.8743 | ( 42, 43)    0     0   Y  11  1111001001100000 62048.0000  0.8964
 22)  1111101100011011 64283.0000  0.9622 | ( 42, 43)    0     0   Y   7  1111111110110001 65457.0000  0.9976
 23)  1111110111001010 64970.0000  0.9828 | ( 45, 69)    1     9   Y   9  1100111110010100 53140.0000  0.6575
 24)  1111101110010000 64400.0000  0.9657 | ( 45, 69)    1     9   Y  13  1111111101101011 65387.0000  0.9955
 25)  1111101011010011 64211.0000  0.9600 | ( 85, 19)   14    15   Y   8  1111111100001011 65291.0000  0.9926
 26)  1111101111110101 64501.0000  0.9687 | ( 85, 19)   14    15   Y  14  1111111111010100 65492.0000  0.9987
 27)  1111110111011101 64989.0000  0.9834 | ( 33, 72)    5    15   Y  12  1111110110011011 64923.0000  0.9814
 28)  1111110100110111 64823.0000  0.9784 | ( 33, 72)    5    15   Y   0  0111111100010011 32531.0000  0.2464
 29)  1111100101100111 63847.0000  0.9491 | ( 57,100)   14    15   Y  10  1111111100111010 65338.0000  0.9940
 30)  1111110100001011 64779.0000  0.9771 | ( 57,100)   14    15   Y   0  0111111111010111 32727.0000  0.2494
 31)  1111111111111101 65533.0000  0.9999 | ( 49, 30)    2     4   Y   8  1111100101011110 63838.0000  0.9489
 32)  1111110100101001 64809.0000  0.9780 | ( 49, 30)    2     4   Y  10  1111110100101011 64811.0000  0.9780
 33)  1111111100010011 65299.0000  0.9928 | ( 76, 94)    9    10   Y   8  1111000110001011 61835.0000  0.8903
 34)  1111111110000011 65411.0000  0.9962 | ( 76, 94)    9    10   Y   6  1111101011011001 64217.0000  0.9602
 35)  0110010011011100 25820.0000  0.1552 | ( 73, 80)    0     0   Y  10  1111101111001001 64457.0000  0.9674
 36)  1111011001000011 63043.0000  0.9254 | ( 73, 80)    0     0   Y  13  1110111101001111 61263.0000  0.8739
 37)  1101111100001110 57102.0000  0.7592 | ( 89, 66)   13    15   Y   8  1111110101101011 64875.0000  0.9800
 38)  1101111001101001 56937.0000  0.7548 | ( 89, 66)   13    15   Y  13  1111111001111111 65151.0000  0.9883
 39)  1111111011001110 65230.0000  0.9907 | ( 58, 61)    1    11   Y  12  1111111101011001 65369.0000  0.9949
 40)  1111111100000001 65281.0000  0.9923 | ( 58, 61)    1    11   Y  10  1111111110001100 65420.0000  0.9965
 41)  1101110101110110 56694.0000  0.7484 | ( 84, 81)    0     0   Y   0  0111100011101001 30953.0000  0.2231
 42)  1111001001110000 62064.0000  0.8969 | ( 84, 81)    0     0   Y   7  1111110010100010 64674.0000  0.9739
 43)  1111111010110001 65201.0000  0.9898 | ( 56, 79)    0     0   Y   4  1111010110110101 62901.0000  0.9212
 44)  1111111001111101 65149.0000  0.9883 | ( 56, 79)    0     0   Y  12  1111010101100111 62823.0000  0.9189
 45)  1111111101010100 65364.0000  0.9948 | ( 28, 22)    5    15   Y   8  1111101110011011 64411.0000  0.9660
 46)  1110010011000110 58566.0000  0.7986 | ( 28, 22)    5    15   Y   3  1110110100110111 60727.0000  0.8587
 47)  1111111100001011 65291.0000  0.9926 | ( 78, 75)    4     8   Y  14  1111110001100010 64610.0000  0.9720
 48)  0110011011000011 26307.0000  0.1611 | ( 78, 75)    4     8   Y   3  1110111100010001 61201.0000  0.8721
 49)  1111100111011110 63966.0000  0.9527 | ( 53, 31)   11    12   Y   4  1111011100110111 63287.0000  0.9326
 50)  1111100101010101 63829.0000  0.9486 | ( 53, 31)   11    12   Y  13  1111111111111001 65529.0000  0.9998
 51)  1111110110111111 64959.0000  0.9825 | (  1,  3)   10    13   Y   4  1111011110001101 63373.0000  0.9351
 52)  1111011110111100 63420.0000  0.9365 | (  1,  3)   10    13   Y   3  1110101111110011 60403.0000  0.8495
 53)  1111111100110111 65335.0000  0.9939 | (  6,  8)   13    15   Y   5  1101100110110011 55731.0000  0.7232
 54)  1011100110011001 47513.0000  0.5256 | (  6,  8)   13    15   Y   3  1110111101101001 61289.0000  0.8746
 55)  1011111110000011 49027.0000  0.5597 | (  9, 12)   11    15   Y   2  1101101110010111 56215.0000  0.7358
 56)  1111110110110101 64949.0000  0.9822 | (  9, 12)   11    15   Y   0  0111011100011001 30489.0000  0.2164
 57)  1111111100011010 65306.0000  0.9930 | ( 56, 16)    1     7   Y   6  1111110110110101 64949.0000  0.9822
 58)  1111111110110001 65457.0000  0.9976 | ( 56, 16)    1     7   Y   0  0111110011100011 31971.0000  0.2380
 59)  1101111110001110 57230.0000  0.7626 | ( 18, 19)    0     0   Y   7  1111010101001110 62798.0000  0.9182
 60)  1111111011110010 65266.0000  0.9918 | ( 18, 19)    0     0   Y  14  1111111111010100 65492.0000  0.9987
 61)  1111111101001100 65356.0000  0.9945 | ( 22, 23)    3    12   Y   9  1111110110001011 64907.0000  0.9809
 62)  1111111001101010 65130.0000  0.9877 | ( 22, 23)    3    12   Y   3  1110101100011010 60186.0000  0.8434
 63)  1011110110000101 48517.0000  0.5481 | ( 82, 96)    5     6   Y  12  1111111000011110 65054.0000  0.9854
 64)  0111110110011100 32156.0000  0.2408 | ( 82, 96)    5     6   Y  13  1111110111101000 65000.0000  0.9837
 65)  1110101110010000 60304.0000  0.8467 | ( 30, 53)    0     0   Y   6  1111111100001011 65291.0000  0.9926
 66)  1111111001111011 65147.0000  0.9882 | ( 30, 53)    0     0   Y  12  1111111100111111 65343.0000  0.9941
 67)  1110001110000011 58243.0000  0.7898 | ( 33, 38)   14    15   Y   8  1111111110010001 65425.0000  0.9966
 68)  1101111101000001 57153.0000  0.7606 | ( 33, 38)   14    15   Y  15  1101111001101010 56938.0000  0.7548
 69)  1100111111101111 53231.0000  0.6598 | ( 85, 47)    8    12   Y  11  1111111100011011 65307.0000  0.9931
 70)  1011111001010001 48721.0000  0.5527 | ( 85, 47)    8    12   Y  13  1111111110001111 65423.0000  0.9966
 71)  1111011101011110 63326.0000  0.9337 | ( 49, 44)   10    11   Y  15  1111100111111111 63999.0000  0.9537
 72)  1111110110010011 64915.0000  0.9812 | ( 49, 44)   10    11   Y   9  1111111000011101 65053.0000  0.9853
 73)  1111101111101001 64489.0000  0.9683 | ( 45, 93)    8    15   Y   0  0111111111110110 32758.0000  0.2499
 74)  1111100101101001 63849.0000  0.9492 | ( 45, 93)    8    15   Y   6  1110110101010101 60757.0000  0.8595
 75)  1111110000010001 64529.0000  0.9695 | (  7, 61)    2     8   Y   9  1111111101010010 65362.0000  0.9947
 76)  1111000101001011 61771.0000  0.8884 | (  7, 61)    2     8   Y   1  1011110101001100 48460.0000  0.5468
 77)  1110111111110011 61427.0000  0.8786 | ( 46, 13)    0     0   Y   2  1100010011000110 50374.0000  0.5908
 78)  1111111101100000 65376.0000  0.9952 | ( 46, 13)    0     0   Y  13  1111010100110111 62775.0000  0.9175
 79)  1111010101101111 62831.0000  0.9192 | ( 58, 78)   10    15   Y  12  1111111110101001 65449.0000  0.9974
 80)  1110111101001011 61259.0000  0.8738 | ( 58, 78)   10    15   Y   4  1111011101110000 63344.0000  0.9343
 81)  1111110110100010 64930.0000  0.9816 | ( 40, 94)   12    13   Y  13  1111111100001101 65293.0000  0.9926
 82)  1111111000010110 65046.0000  0.9851 | ( 40, 94)   12    13   Y   1  1011100010010001 47249.0000  0.5198
 83)  1111111110100101 65445.0000  0.9973 | ( 60, 52)   13    14   Y   7  1111111111110110 65526.0000  0.9997
 84)  1111100011101001 63721.0000  0.9454 | ( 60, 52)   13    14   Y  15  1111011110111001 63417.0000  0.9364
 85)  1111111110001011 65419.0000  0.9965 | ( 97, 71)    7    10   Y   6  1111101101010000 64336.0000  0.9637
 86)  1110011011010010 59090.0000  0.8130 | ( 97, 71)    7    10   Y  15  1111011101011111 63327.0000  0.9338
 87)  1111110101010011 64851.0000  0.9792 | (  4, 72)    1     8   Y  11  1111110110000111 64903.0000  0.9808
 88)  1110101111011100 60380.0000  0.8489 | (  4, 72)    1     8   Y  12  1111110110011011 64923.0000  0.9814
 89)  1111110111101011 65003.0000  0.9838 | ( 83, 79)    0     0   Y   0  0111111110100101 32677.0000  0.2486
 90)  1111110010011001 64665.0000  0.9736 | ( 83, 79)    0     0   Y  14  1111010101101101 62829.0000  0.9191
 91)  1111010101011100 62812.0000  0.9186 | ( 26, 57)    0    10   Y   3  1110111100110101 61237.0000  0.8731
 92)  1110111001000110 60998.0000  0.8663 | ( 26, 57)    0    10   Y  14  1111101111011000 64472.0000  0.9678
 93)  1110111111110111 61431.0000  0.8787 | ( 31, 34)    0     0   Y   5  1111101111111101 64509.0000  0.9689
 94)  1111100010011001 63641.0000  0.9430 | ( 31, 34)    0     0   Y   3  1110111110000011 61315.0000  0.8754
 95)  1101100101110000 55664.0000  0.7214 | ( 50, 42)    0     0   Y   1  1011100101010101 47445.0000  0.5241
 96)  1111110111101100 65004.0000  0.9839 | ( 50, 42)    0     0   Y  13  1111001001110100 62068.0000  0.8970
 97)  1111100101010000 63824.0000  0.9485 | ( 99, 81)    0     0   Y   8  1111101111010011 64467.0000  0.9677
 98)  1101111011011101 57053.0000  0.7579 | ( 99, 81)    0     0   Y  15  1111110110100011 64931.0000  0.9817
 99)  1111101101010011 64339.0000  0.9638 | (100, 92)    7    15   Y   3  1110111001000111 60999.0000  0.8664
100)  1111111111010111 65495.0000  0.9988 | (100, 92)    7    15   Y  15  1110111111010111 61399.0000  0.8778
_____________________________________________________________________________________________________________
Generation # 49 Accumulated Statistics: 
Total Crossovers = 1995, Total Mutations = 5000
min = 0.216400   max = 0.999800   avg = 0.854819   sum = 85.481900
Best individual in this generation = 1111111111111001
Global Best Individual so far, Generation # 25:
String = 1111111111111111    Fitness = 1.000000


...Program finished with exit code 0
Press ENTER to exit console.